"","V1"
"inaug_GeorgeWashington_1_2",10
"inaug_GeorgeWashington_1_3",10
"inaug_GeorgeWashington_1_4",10
"inaug_GeorgeWashington_1_5",10
"inaug_GeorgeWashington_1_6",10
"inaug_GeorgeWashington_1_7",10
"inaug_GeorgeWashington_1_8",10
"inaug_GeorgeWashington_1_9",4
"inaug_GeorgeWashington_1_10",4
"inaug_GeorgeWashington_1_11",4
"inaug_GeorgeWashington_1_12",10
"inaug_GeorgeWashington_1_13",10
"inaug_GeorgeWashington_1_14",12
"inaug_GeorgeWashington_1_15",10
"inaug_GeorgeWashington_1_16",10
"inaug_GeorgeWashington_1_17",13
"inaug_GeorgeWashington_1_18",13
"inaug_GeorgeWashington_1_19",13
"inaug_GeorgeWashington_1_20",13
"inaug_GeorgeWashington_1_21",13
"inaug_GeorgeWashington_1_22",13
"inaug_GeorgeWashington_1_23",13
"inaug_GeorgeWashington_1_24",13
"inaug_GeorgeWashington_1_25",13
"inaug_GeorgeWashington_1_26",10
"inaug_GeorgeWashington_1_27",10
"inaug_GeorgeWashington_1_28",10
"inaug_GeorgeWashington_1_29",10
"inaug_GeorgeWashington_1_30",10
"inaug_GeorgeWashington_2_2",10
"inaug_GeorgeWashington_2_3",10
"inaug_ThomasJefferson_1_2",10
"inaug_ThomasJefferson_1_3",10
"inaug_ThomasJefferson_1_4",13
"inaug_ThomasJefferson_1_5",15
"inaug_ThomasJefferson_1_6",13
"inaug_ThomasJefferson_1_7",11
"inaug_ThomasJefferson_1_8",8
"inaug_ThomasJefferson_1_9",8
"inaug_ThomasJefferson_1_10",5
"inaug_ThomasJefferson_1_11",13
"inaug_ThomasJefferson_1_12",13
"inaug_ThomasJefferson_1_13",13
"inaug_ThomasJefferson_1_14",13
"inaug_ThomasJefferson_1_15",13
"inaug_ThomasJefferson_1_16",13
"inaug_ThomasJefferson_1_17",13
"inaug_ThomasJefferson_1_18",13
"inaug_ThomasJefferson_1_19",2
"inaug_ThomasJefferson_1_20",2
"inaug_ThomasJefferson_1_21",5
"inaug_ThomasJefferson_1_22",5
"inaug_ThomasJefferson_1_23",14
"inaug_ThomasJefferson_1_24",4
"inaug_ThomasJefferson_1_25",2
"inaug_ThomasJefferson_1_26",13
"inaug_ThomasJefferson_1_27",13
"inaug_ThomasJefferson_1_28",2
"inaug_ThomasJefferson_1_29",2
"inaug_ThomasJefferson_1_30",3
"inaug_ThomasJefferson_1_31",10
"inaug_ThomasJefferson_1_32",13
"inaug_ThomasJefferson_1_33",13
"inaug_ThomasJefferson_1_34",13
"inaug_ThomasJefferson_1_35",7
"inaug_ThomasJefferson_1_36",10
"inaug_ThomasJefferson_1_37",10
"inaug_ThomasJefferson_1_38",8
"inaug_ThomasJefferson_1_39",8
"inaug_ThomasJefferson_1_40",8
"inaug_ThomasJefferson_1_41",11
"inaug_ThomasJefferson_1_42",11
"inaug_ThomasJefferson_1_43",11
"inaug_ThomasJefferson_1_44",11
"inaug_ThomasJefferson_1_45",12
"inaug_ThomasJefferson_1_46",13
"inaug_ThomasJefferson_1_47",13
"inaug_ThomasJefferson_1_48",13
"inaug_ThomasJefferson_1_49",13
"inaug_ThomasJefferson_1_50",13
"inaug_ThomasJefferson_1_51",13
"inaug_ThomasJefferson_1_52",13
"inaug_ThomasJefferson_1_53",13
"inaug_ThomasJefferson_1_54",13
"inaug_ThomasJefferson_1_55",10
"inaug_ThomasJefferson_1_56",10
"inaug_ThomasJefferson_1_57",10
"inaug_ThomasJefferson_1_58",10
"inaug_ThomasJefferson_1_59",10
"inaug_ThomasJefferson_1_60",10
"inaug_ThomasJefferson_1_61",10
"inaug_ThomasJefferson_1_62",10
"inaug_ThomasJefferson_1_63",10
"inaug_ThomasJefferson_2_2",10
"inaug_ThomasJefferson_2_3",6
"inaug_ThomasJefferson_2_4",6
"inaug_ThomasJefferson_2_5",6
"inaug_ThomasJefferson_2_6",6
"inaug_ThomasJefferson_2_7",6
"inaug_ThomasJefferson_2_8",10
"inaug_ThomasJefferson_2_9",12
"inaug_ThomasJefferson_2_10",12
"inaug_ThomasJefferson_2_11",12
"inaug_ThomasJefferson_2_12",12
"inaug_ThomasJefferson_2_13",12
"inaug_ThomasJefferson_2_14",12
"inaug_ThomasJefferson_2_15",12
"inaug_ThomasJefferson_2_16",12
"inaug_ThomasJefferson_2_17",12
"inaug_ThomasJefferson_2_18",11
"inaug_ThomasJefferson_2_19",1
"inaug_ThomasJefferson_2_20",11
"inaug_ThomasJefferson_2_21",8
"inaug_ThomasJefferson_2_22",11
"inaug_ThomasJefferson_2_23",11
"inaug_ThomasJefferson_2_24",11
"inaug_ThomasJefferson_2_25",8
"inaug_ThomasJefferson_2_26",8
"inaug_ThomasJefferson_2_27",1
"inaug_ThomasJefferson_2_28",1
"inaug_ThomasJefferson_2_29",5
"inaug_ThomasJefferson_2_30",13
"inaug_ThomasJefferson_2_31",5
"inaug_ThomasJefferson_2_32",5
"inaug_ThomasJefferson_2_33",1
"inaug_ThomasJefferson_2_34",3
"inaug_ThomasJefferson_2_35",13
"inaug_ThomasJefferson_2_36",3
"inaug_ThomasJefferson_2_37",13
"inaug_ThomasJefferson_2_38",10
"inaug_ThomasJefferson_2_39",13
"inaug_ThomasJefferson_2_40",13
"inaug_ThomasJefferson_2_41",13
"inaug_ThomasJefferson_2_42",13
"inaug_ThomasJefferson_2_43",13
"inaug_ThomasJefferson_2_44",13
"inaug_ThomasJefferson_2_45",13
"inaug_ThomasJefferson_2_46",13
"inaug_ThomasJefferson_2_47",13
"inaug_ThomasJefferson_2_48",11
"inaug_ThomasJefferson_2_49",4
"inaug_ThomasJefferson_2_50",10
"inaug_ThomasJefferson_2_51",11
"inaug_ThomasJefferson_2_52",13
"inaug_ThomasJefferson_2_53",13
"inaug_ThomasJefferson_2_54",13
"inaug_ThomasJefferson_2_55",13
"inaug_ThomasJefferson_2_56",13
"inaug_ThomasJefferson_2_57",13
"inaug_ThomasJefferson_2_58",13
"inaug_ThomasJefferson_2_59",13
"inaug_ThomasJefferson_2_60",13
"inaug_ThomasJefferson_2_61",13
"inaug_ThomasJefferson_2_62",13
"inaug_ThomasJefferson_2_63",13
"inaug_ThomasJefferson_2_64",13
"inaug_ThomasJefferson_2_65",10
"inaug_ThomasJefferson_2_66",10
"inaug_ThomasJefferson_2_67",10
"inaug_ThomasJefferson_2_68",2
"inaug_ThomasJefferson_2_69",10
"inaug_ThomasJefferson_2_70",10
"inaug_JamesMonroe_1_2",10
"inaug_JamesMonroe_1_3",10
"inaug_JamesMonroe_1_4",10
"inaug_JamesMonroe_1_5",10
"inaug_JamesMonroe_1_6",10
"inaug_JamesMonroe_1_7",10
"inaug_JamesMonroe_1_8",10
"inaug_JamesMonroe_1_9",10
"inaug_JamesMonroe_1_10",4
"inaug_JamesMonroe_1_11",4
"inaug_JamesMonroe_1_12",12
"inaug_JamesMonroe_1_13",10
"inaug_JamesMonroe_1_14",8
"inaug_JamesMonroe_1_15",11
"inaug_JamesMonroe_1_16",8
"inaug_JamesMonroe_1_17",8
"inaug_JamesMonroe_1_18",8
"inaug_JamesMonroe_1_19",8
"inaug_JamesMonroe_1_20",8
"inaug_JamesMonroe_1_21",11
"inaug_JamesMonroe_1_22",11
"inaug_JamesMonroe_1_23",10
"inaug_JamesMonroe_1_24",4
"inaug_JamesMonroe_1_25",12
"inaug_JamesMonroe_1_26",8
"inaug_JamesMonroe_1_27",8
"inaug_JamesMonroe_1_28",8
"inaug_JamesMonroe_1_29",8
"inaug_JamesMonroe_1_30",8
"inaug_JamesMonroe_1_31",8
"inaug_JamesMonroe_1_32",13
"inaug_JamesMonroe_1_33",4
"inaug_JamesMonroe_1_34",4
"inaug_JamesMonroe_1_35",8
"inaug_JamesMonroe_1_36",8
"inaug_JamesMonroe_1_37",8
"inaug_JamesMonroe_1_38",8
"inaug_JamesMonroe_1_39",8
"inaug_JamesMonroe_1_40",8
"inaug_JamesMonroe_1_41",12
"inaug_JamesMonroe_1_42",10
"inaug_JamesMonroe_1_43",8
"inaug_JamesMonroe_1_44",8
"inaug_JamesMonroe_1_45",8
"inaug_JamesMonroe_1_46",8
"inaug_JamesMonroe_1_47",8
"inaug_JamesMonroe_1_48",8
"inaug_JamesMonroe_1_49",10
"inaug_JamesMonroe_1_50",10
"inaug_JamesMonroe_1_51",10
"inaug_JamesMonroe_1_52",3
"inaug_JamesMonroe_1_53",15
"inaug_JamesMonroe_1_54",12
"inaug_JamesMonroe_1_55",13
"inaug_JamesMonroe_1_56",10
"inaug_JamesMonroe_1_57",13
"inaug_JamesMonroe_1_58",5
"inaug_JamesMonroe_1_59",4
"inaug_JamesMonroe_1_60",4
"inaug_JamesMonroe_1_61",4
"inaug_JamesMonroe_1_62",9
"inaug_JamesMonroe_1_63",9
"inaug_JamesMonroe_1_64",11
"inaug_JamesMonroe_1_65",6
"inaug_JamesMonroe_1_66",8
"inaug_JamesMonroe_1_67",8
"inaug_JamesMonroe_1_68",8
"inaug_JamesMonroe_1_69",8
"inaug_JamesMonroe_1_70",5
"inaug_JamesMonroe_1_71",7
"inaug_JamesMonroe_1_72",6
"inaug_JamesMonroe_1_73",6
"inaug_JamesMonroe_1_74",12
"inaug_JamesMonroe_1_75",12
"inaug_JamesMonroe_1_76",12
"inaug_JamesMonroe_1_77",12
"inaug_JamesMonroe_1_78",12
"inaug_JamesMonroe_1_79",12
"inaug_JamesMonroe_1_80",12
"inaug_JamesMonroe_1_81",12
"inaug_JamesMonroe_1_82",12
"inaug_JamesMonroe_1_83",12
"inaug_JamesMonroe_1_84",13
"inaug_JamesMonroe_1_85",13
"inaug_JamesMonroe_1_86",13
"inaug_JamesMonroe_1_87",12
"inaug_JamesMonroe_1_88",12
"inaug_JamesMonroe_1_89",10
"inaug_JamesMonroe_1_90",10
"inaug_JamesMonroe_1_91",10
"inaug_JamesMonroe_1_92",8
"inaug_JamesMonroe_1_93",8
"inaug_JamesMonroe_1_94",8
"inaug_JamesMonroe_1_95",8
"inaug_JamesMonroe_1_96",8
"inaug_JamesMonroe_1_97",8
"inaug_JamesMonroe_1_98",8
"inaug_JamesMonroe_1_99",8
"inaug_JamesMonroe_1_100",8
"inaug_JamesMonroe_1_101",12
"inaug_JamesMonroe_1_102",12
"inaug_JamesMonroe_1_103",12
"inaug_JamesMonroe_1_104",12
"inaug_JamesMonroe_1_105",12
"inaug_JamesMonroe_1_106",12
"inaug_JamesMonroe_1_107",14
"inaug_JamesMonroe_1_108",14
"inaug_JamesMonroe_1_109",14
"inaug_JamesMonroe_1_110",14
"inaug_JamesMonroe_1_111",14
"inaug_JamesMonroe_1_112",14
"inaug_JamesMonroe_1_113",14
"inaug_JamesMonroe_1_114",10
"inaug_JamesMonroe_1_115",10
"inaug_JamesMonroe_1_116",13
"inaug_JamesMonroe_1_117",13
"inaug_JamesMonroe_1_118",13
"inaug_JamesMonroe_1_119",13
"inaug_JamesMonroe_1_120",4
"inaug_JamesMonroe_1_121",1
"inaug_JamesMonroe_1_122",6
"inaug_JamesMonroe_1_123",8
"inaug_JamesMonroe_1_124",10
"inaug_JamesMonroe_1_125",10
"inaug_JamesMonroe_1_126",10
"inaug_JamesMonroe_1_127",10
"inaug_JamesMonroe_1_128",6
"inaug_JamesMonroe_1_129",6
"inaug_JamesMonroe_1_130",13
"inaug_JamesMonroe_1_131",13
"inaug_JamesMonroe_1_132",10
"inaug_JamesMonroe_1_133",10
"inaug_JamesMonroe_1_134",10
"inaug_JamesMonroe_1_135",10
"inaug_JamesMonroe_2_2",10
"inaug_JamesMonroe_2_3",10
"inaug_JamesMonroe_2_4",10
"inaug_JamesMonroe_2_5",10
"inaug_JamesMonroe_2_6",10
"inaug_JamesMonroe_2_7",10
"inaug_JamesMonroe_2_8",10
"inaug_JamesMonroe_2_9",10
"inaug_JamesMonroe_2_10",10
"inaug_JamesMonroe_2_11",10
"inaug_JamesMonroe_2_12",4
"inaug_JamesMonroe_2_13",6
"inaug_JamesMonroe_2_14",13
"inaug_JamesMonroe_2_15",6
"inaug_JamesMonroe_2_16",8
"inaug_JamesMonroe_2_17",8
"inaug_JamesMonroe_2_18",12
"inaug_JamesMonroe_2_19",12
"inaug_JamesMonroe_2_20",12
"inaug_JamesMonroe_2_21",12
"inaug_JamesMonroe_2_22",12
"inaug_JamesMonroe_2_23",12
"inaug_JamesMonroe_2_24",12
"inaug_JamesMonroe_2_25",12
"inaug_JamesMonroe_2_26",12
"inaug_JamesMonroe_2_27",12
"inaug_JamesMonroe_2_28",12
"inaug_JamesMonroe_2_29",8
"inaug_JamesMonroe_2_30",8
"inaug_JamesMonroe_2_31",8
"inaug_JamesMonroe_2_32",8
"inaug_JamesMonroe_2_33",14
"inaug_JamesMonroe_2_34",8
"inaug_JamesMonroe_2_35",12
"inaug_JamesMonroe_2_36",8
"inaug_JamesMonroe_2_37",8
"inaug_JamesMonroe_2_38",8
"inaug_JamesMonroe_2_39",8
"inaug_JamesMonroe_2_40",8
"inaug_JamesMonroe_2_41",8
"inaug_JamesMonroe_2_42",8
"inaug_JamesMonroe_2_43",8
"inaug_JamesMonroe_2_44",8
"inaug_JamesMonroe_2_45",8
"inaug_JamesMonroe_2_46",8
"inaug_JamesMonroe_2_47",8
"inaug_JamesMonroe_2_48",8
"inaug_JamesMonroe_2_49",8
"inaug_JamesMonroe_2_50",8
"inaug_JamesMonroe_2_51",8
"inaug_JamesMonroe_2_52",8
"inaug_JamesMonroe_2_53",8
"inaug_JamesMonroe_2_54",8
"inaug_JamesMonroe_2_55",8
"inaug_JamesMonroe_2_56",8
"inaug_JamesMonroe_2_57",8
"inaug_JamesMonroe_2_58",3
"inaug_JamesMonroe_2_59",13
"inaug_JamesMonroe_2_60",13
"inaug_JamesMonroe_2_61",13
"inaug_JamesMonroe_2_62",13
"inaug_JamesMonroe_2_63",13
"inaug_JamesMonroe_2_64",8
"inaug_JamesMonroe_2_65",8
"inaug_JamesMonroe_2_66",8
"inaug_JamesMonroe_2_67",8
"inaug_JamesMonroe_2_68",8
"inaug_JamesMonroe_2_69",8
"inaug_JamesMonroe_2_70",8
"inaug_JamesMonroe_2_71",8
"inaug_JamesMonroe_2_72",8
"inaug_JamesMonroe_2_73",8
"inaug_JamesMonroe_2_74",8
"inaug_JamesMonroe_2_75",8
"inaug_JamesMonroe_2_76",8
"inaug_JamesMonroe_2_77",8
"inaug_JamesMonroe_2_78",8
"inaug_JamesMonroe_2_79",8
"inaug_JamesMonroe_2_80",12
"inaug_JamesMonroe_2_81",12
"inaug_JamesMonroe_2_82",12
"inaug_JamesMonroe_2_83",12
"inaug_JamesMonroe_2_84",10
"inaug_JamesMonroe_2_85",12
"inaug_JamesMonroe_2_86",12
"inaug_JamesMonroe_2_87",12
"inaug_JamesMonroe_2_88",12
"inaug_JamesMonroe_2_89",12
"inaug_JamesMonroe_2_90",12
"inaug_JamesMonroe_2_91",12
"inaug_JamesMonroe_2_92",12
"inaug_JamesMonroe_2_93",12
"inaug_JamesMonroe_2_94",12
"inaug_JamesMonroe_2_95",12
"inaug_JamesMonroe_2_96",12
"inaug_JamesMonroe_2_97",12
"inaug_JamesMonroe_2_98",1
"inaug_JamesMonroe_2_99",8
"inaug_JamesMonroe_2_100",8
"inaug_JamesMonroe_2_101",9
"inaug_JamesMonroe_2_102",10
"inaug_JamesMonroe_2_103",8
"inaug_JamesMonroe_2_104",8
"inaug_JamesMonroe_2_105",14
"inaug_JamesMonroe_2_106",8
"inaug_JamesMonroe_2_107",14
"inaug_JamesMonroe_2_108",8
"inaug_JamesMonroe_2_109",8
"inaug_JamesMonroe_2_110",10
"inaug_JamesMonroe_2_111",8
"inaug_JamesMonroe_2_112",8
"inaug_JamesMonroe_2_113",8
"inaug_JamesMonroe_2_114",12
"inaug_JamesMonroe_2_115",12
"inaug_JamesMonroe_2_116",12
"inaug_JamesMonroe_2_117",6
"inaug_JamesMonroe_2_118",13
"inaug_JamesMonroe_2_119",13
"inaug_JamesMonroe_2_120",12
"inaug_JamesMonroe_2_121",12
"inaug_JamesMonroe_2_122",4
"inaug_JamesMonroe_2_123",4
"inaug_JamesMonroe_2_124",4
"inaug_JamesMonroe_2_125",4
"inaug_JamesMonroe_2_126",4
"inaug_JamesMonroe_2_127",4
"inaug_JamesMonroe_2_128",4
"inaug_JamesMonroe_2_129",4
"inaug_JamesMonroe_2_130",8
"inaug_JamesMonroe_2_131",8
"inaug_JamesMonroe_2_132",8
"inaug_JamesMonroe_2_133",8
"inaug_JamesMonroe_2_134",13
"inaug_JamesMonroe_2_135",8
"inaug_JamesMonroe_2_136",8
"inaug_JamesMonroe_2_137",8
"inaug_JamesMonroe_2_138",8
"inaug_JamesMonroe_2_139",8
"inaug_JamesMonroe_2_140",8
"inaug_JamesMonroe_2_141",8
"inaug_JamesMonroe_2_142",10
"inaug_FranklinPierce_1_2",10
"inaug_FranklinPierce_1_3",10
"inaug_FranklinPierce_1_4",10
"inaug_FranklinPierce_1_5",10
"inaug_FranklinPierce_1_6",2
"inaug_FranklinPierce_1_7",2
"inaug_FranklinPierce_1_8",5
"inaug_FranklinPierce_1_9",8
"inaug_FranklinPierce_1_10",11
"inaug_FranklinPierce_1_11",11
"inaug_FranklinPierce_1_12",11
"inaug_FranklinPierce_1_13",8
"inaug_FranklinPierce_1_14",6
"inaug_FranklinPierce_1_15",3
"inaug_FranklinPierce_1_16",1
"inaug_FranklinPierce_1_17",6
"inaug_FranklinPierce_1_18",1
"inaug_FranklinPierce_1_19",3
"inaug_FranklinPierce_1_20",3
"inaug_FranklinPierce_1_21",3
"inaug_FranklinPierce_1_22",8
"inaug_FranklinPierce_1_23",15
"inaug_FranklinPierce_1_24",15
"inaug_FranklinPierce_1_25",15
"inaug_FranklinPierce_1_26",13
"inaug_FranklinPierce_1_27",3
"inaug_FranklinPierce_1_28",3
"inaug_FranklinPierce_1_29",3
"inaug_FranklinPierce_1_30",13
"inaug_FranklinPierce_1_31",1
"inaug_FranklinPierce_1_32",5
"inaug_FranklinPierce_1_33",8
"inaug_FranklinPierce_1_34",8
"inaug_FranklinPierce_1_35",8
"inaug_FranklinPierce_1_36",8
"inaug_FranklinPierce_1_37",8
"inaug_FranklinPierce_1_38",8
"inaug_FranklinPierce_1_39",8
"inaug_FranklinPierce_1_40",6
"inaug_FranklinPierce_1_41",6
"inaug_FranklinPierce_1_42",6
"inaug_FranklinPierce_1_43",6
"inaug_FranklinPierce_1_44",6
"inaug_FranklinPierce_1_45",6
"inaug_FranklinPierce_1_46",6
"inaug_FranklinPierce_1_47",6
"inaug_FranklinPierce_1_48",6
"inaug_FranklinPierce_1_49",6
"inaug_FranklinPierce_1_50",13
"inaug_FranklinPierce_1_51",13
"inaug_FranklinPierce_1_52",13
"inaug_FranklinPierce_1_53",5
"inaug_FranklinPierce_1_54",2
"inaug_FranklinPierce_1_55",7
"inaug_FranklinPierce_1_56",2
"inaug_FranklinPierce_1_57",6
"inaug_FranklinPierce_1_58",6
"inaug_FranklinPierce_1_59",6
"inaug_FranklinPierce_1_60",6
"inaug_FranklinPierce_1_61",6
"inaug_FranklinPierce_1_62",6
"inaug_FranklinPierce_1_63",6
"inaug_FranklinPierce_1_64",6
"inaug_FranklinPierce_1_65",6
"inaug_FranklinPierce_1_66",6
"inaug_FranklinPierce_1_67",6
"inaug_FranklinPierce_1_68",10
"inaug_FranklinPierce_1_69",10
"inaug_FranklinPierce_1_70",10
"inaug_FranklinPierce_1_71",10
"inaug_FranklinPierce_1_72",10
"inaug_FranklinPierce_1_73",10
"inaug_FranklinPierce_1_74",10
"inaug_FranklinPierce_1_75",10
"inaug_FranklinPierce_1_76",10
"inaug_FranklinPierce_1_77",14
"inaug_FranklinPierce_1_78",9
"inaug_FranklinPierce_1_79",12
"inaug_FranklinPierce_1_80",8
"inaug_FranklinPierce_1_81",11
"inaug_FranklinPierce_1_82",11
"inaug_FranklinPierce_1_83",11
"inaug_FranklinPierce_1_84",11
"inaug_FranklinPierce_1_85",11
"inaug_FranklinPierce_1_86",11
"inaug_FranklinPierce_1_87",11
"inaug_FranklinPierce_1_88",11
"inaug_FranklinPierce_1_89",5
"inaug_FranklinPierce_1_90",13
"inaug_FranklinPierce_1_91",6
"inaug_FranklinPierce_1_92",13
"inaug_FranklinPierce_1_93",3
"inaug_FranklinPierce_1_94",13
"inaug_FranklinPierce_1_95",10
"inaug_FranklinPierce_1_96",10
"inaug_FranklinPierce_1_97",7
"inaug_FranklinPierce_1_98",11
"inaug_FranklinPierce_1_99",11
"inaug_FranklinPierce_1_100",11
"inaug_FranklinPierce_1_101",11
"inaug_FranklinPierce_1_102",11
"inaug_FranklinPierce_1_103",2
"inaug_FranklinPierce_1_104",2
"inaug_FranklinPierce_1_105",13
"inaug_FranklinPierce_1_106",13
"inaug_FranklinPierce_1_107",13
"inaug_FranklinPierce_1_108",13
"inaug_FranklinPierce_1_109",11
"inaug_FranklinPierce_1_110",9
"inaug_FranklinPierce_1_111",13
"inaug_AbrahamLincoln_1_2",10
"inaug_AbrahamLincoln_1_3",10
"inaug_AbrahamLincoln_1_4",11
"inaug_AbrahamLincoln_1_5",11
"inaug_AbrahamLincoln_1_6",11
"inaug_AbrahamLincoln_1_7",11
"inaug_AbrahamLincoln_1_8",11
"inaug_AbrahamLincoln_1_9",11
"inaug_AbrahamLincoln_1_10",11
"inaug_AbrahamLincoln_1_11",11
"inaug_AbrahamLincoln_1_12",11
"inaug_AbrahamLincoln_1_13",11
"inaug_AbrahamLincoln_1_14",11
"inaug_AbrahamLincoln_1_15",11
"inaug_AbrahamLincoln_1_16",11
"inaug_AbrahamLincoln_1_17",11
"inaug_AbrahamLincoln_1_18",11
"inaug_AbrahamLincoln_1_19",11
"inaug_AbrahamLincoln_1_20",11
"inaug_AbrahamLincoln_1_21",11
"inaug_AbrahamLincoln_1_22",11
"inaug_AbrahamLincoln_1_23",11
"inaug_AbrahamLincoln_1_24",11
"inaug_AbrahamLincoln_1_25",11
"inaug_AbrahamLincoln_1_26",11
"inaug_AbrahamLincoln_1_27",4
"inaug_AbrahamLincoln_1_28",4
"inaug_AbrahamLincoln_1_29",10
"inaug_AbrahamLincoln_1_30",10
"inaug_AbrahamLincoln_1_31",10
"inaug_AbrahamLincoln_1_32",11
"inaug_AbrahamLincoln_1_33",11
"inaug_AbrahamLincoln_1_34",11
"inaug_AbrahamLincoln_1_35",11
"inaug_AbrahamLincoln_1_36",8
"inaug_AbrahamLincoln_1_37",14
"inaug_AbrahamLincoln_1_38",11
"inaug_AbrahamLincoln_1_39",11
"inaug_AbrahamLincoln_1_40",11
"inaug_AbrahamLincoln_1_41",13
"inaug_AbrahamLincoln_1_42",11
"inaug_AbrahamLincoln_1_43",11
"inaug_AbrahamLincoln_1_44",11
"inaug_AbrahamLincoln_1_45",11
"inaug_AbrahamLincoln_1_46",11
"inaug_AbrahamLincoln_1_47",11
"inaug_AbrahamLincoln_1_48",11
"inaug_AbrahamLincoln_1_49",11
"inaug_AbrahamLincoln_1_50",11
"inaug_AbrahamLincoln_1_51",14
"inaug_AbrahamLincoln_1_52",12
"inaug_AbrahamLincoln_1_53",12
"inaug_AbrahamLincoln_1_54",12
"inaug_AbrahamLincoln_1_55",4
"inaug_AbrahamLincoln_1_56",11
"inaug_AbrahamLincoln_1_57",14
"inaug_AbrahamLincoln_1_58",11
"inaug_AbrahamLincoln_1_59",11
"inaug_AbrahamLincoln_1_60",11
"inaug_AbrahamLincoln_1_61",11
"inaug_AbrahamLincoln_1_62",11
"inaug_AbrahamLincoln_1_63",11
"inaug_AbrahamLincoln_1_64",11
"inaug_AbrahamLincoln_1_65",11
"inaug_AbrahamLincoln_1_66",11
"inaug_AbrahamLincoln_1_67",11
"inaug_AbrahamLincoln_1_68",11
"inaug_AbrahamLincoln_1_69",11
"inaug_AbrahamLincoln_1_70",11
"inaug_AbrahamLincoln_1_71",11
"inaug_AbrahamLincoln_1_72",11
"inaug_AbrahamLincoln_1_73",11
"inaug_AbrahamLincoln_1_74",11
"inaug_AbrahamLincoln_1_75",11
"inaug_AbrahamLincoln_1_76",11
"inaug_AbrahamLincoln_1_77",11
"inaug_AbrahamLincoln_1_78",11
"inaug_AbrahamLincoln_1_79",11
"inaug_AbrahamLincoln_1_80",11
"inaug_AbrahamLincoln_1_81",11
"inaug_AbrahamLincoln_1_82",11
"inaug_AbrahamLincoln_1_83",11
"inaug_AbrahamLincoln_1_84",11
"inaug_AbrahamLincoln_1_85",11
"inaug_AbrahamLincoln_1_86",11
"inaug_AbrahamLincoln_1_87",11
"inaug_AbrahamLincoln_1_88",11
"inaug_AbrahamLincoln_1_89",11
"inaug_AbrahamLincoln_1_90",11
"inaug_AbrahamLincoln_1_91",11
"inaug_AbrahamLincoln_1_92",11
"inaug_AbrahamLincoln_1_93",11
"inaug_AbrahamLincoln_1_94",11
"inaug_AbrahamLincoln_1_95",11
"inaug_AbrahamLincoln_1_96",11
"inaug_AbrahamLincoln_1_97",11
"inaug_AbrahamLincoln_1_98",11
"inaug_AbrahamLincoln_1_99",11
"inaug_AbrahamLincoln_1_100",11
"inaug_AbrahamLincoln_1_101",11
"inaug_AbrahamLincoln_1_102",11
"inaug_AbrahamLincoln_1_103",11
"inaug_AbrahamLincoln_1_104",11
"inaug_AbrahamLincoln_1_105",11
"inaug_AbrahamLincoln_1_106",11
"inaug_AbrahamLincoln_1_107",7
"inaug_AbrahamLincoln_1_108",7
"inaug_AbrahamLincoln_1_109",7
"inaug_AbrahamLincoln_1_110",7
"inaug_AbrahamLincoln_1_111",7
"inaug_AbrahamLincoln_1_112",7
"inaug_AbrahamLincoln_1_113",7
"inaug_AbrahamLincoln_1_114",7
"inaug_AbrahamLincoln_1_115",11
"inaug_AbrahamLincoln_1_116",11
"inaug_AbrahamLincoln_1_117",11
"inaug_AbrahamLincoln_1_118",11
"inaug_AbrahamLincoln_1_119",11
"inaug_AbrahamLincoln_1_120",4
"inaug_AbrahamLincoln_1_121",11
"inaug_AbrahamLincoln_1_122",11
"inaug_AbrahamLincoln_1_123",11
"inaug_AbrahamLincoln_1_124",10
"inaug_AbrahamLincoln_1_125",10
"inaug_AbrahamLincoln_1_126",10
"inaug_AbrahamLincoln_1_127",2
"inaug_AbrahamLincoln_1_128",13
"inaug_AbrahamLincoln_1_129",13
"inaug_AbrahamLincoln_1_130",8
"inaug_AbrahamLincoln_1_131",8
"inaug_AbrahamLincoln_1_132",15
"inaug_AbrahamLincoln_1_133",7
"inaug_AbrahamLincoln_1_134",7
"inaug_AbrahamLincoln_1_135",7
"inaug_AbrahamLincoln_1_136",4
"inaug_AbrahamLincoln_1_137",3
"inaug_AbrahamLincoln_1_138",10
"inaug_AbrahamLincoln_1_139",10
"inaug_AbrahamLincoln_1_140",10
"inaug_AbrahamLincoln_1_141",8
"inaug_AbrahamLincoln_1_142",15
"inaug_AbrahamLincoln_1_143",7
"inaug_AbrahamLincoln_1_144",7
"inaug_AbrahamLincoln_1_145",7
"inaug_AbrahamLincoln_1_146",7
"inaug_AbrahamLincoln_1_147",14
"inaug_AbrahamLincoln_2_2",10
"inaug_AbrahamLincoln_2_3",15
"inaug_AbrahamLincoln_2_4",13
"inaug_AbrahamLincoln_2_5",3
"inaug_AbrahamLincoln_2_6",15
"inaug_AbrahamLincoln_2_7",12
"inaug_AbrahamLincoln_2_8",12
"inaug_AbrahamLincoln_2_9",11
"inaug_AbrahamLincoln_2_10",11
"inaug_AbrahamLincoln_2_11",4
"inaug_AbrahamLincoln_2_12",8
"inaug_AbrahamLincoln_2_13",8
"inaug_AbrahamLincoln_2_14",8
"inaug_AbrahamLincoln_2_15",10
"inaug_AbrahamLincoln_2_16",10
"inaug_AbrahamLincoln_2_17",10
"inaug_AbrahamLincoln_2_18",15
"inaug_AbrahamLincoln_2_19",1
"inaug_AbrahamLincoln_2_20",3
"inaug_AbrahamLincoln_2_21",15
"inaug_AbrahamLincoln_2_22",15
"inaug_AbrahamLincoln_2_23",15
"inaug_AbrahamLincoln_2_24",15
"inaug_AbrahamLincoln_2_25",15
"inaug_AbrahamLincoln_2_26",15
"inaug_UlyssesSGrant_1_2",6
"inaug_UlyssesSGrant_1_3",14
"inaug_UlyssesSGrant_1_4",10
"inaug_UlyssesSGrant_1_5",7
"inaug_UlyssesSGrant_1_6",11
"inaug_UlyssesSGrant_1_7",11
"inaug_UlyssesSGrant_1_8",14
"inaug_UlyssesSGrant_1_9",14
"inaug_UlyssesSGrant_1_10",4
"inaug_UlyssesSGrant_1_11",4
"inaug_UlyssesSGrant_1_12",10
"inaug_UlyssesSGrant_1_13",14
"inaug_UlyssesSGrant_1_14",14
"inaug_UlyssesSGrant_1_15",14
"inaug_UlyssesSGrant_1_16",14
"inaug_UlyssesSGrant_1_17",14
"inaug_UlyssesSGrant_1_18",14
"inaug_UlyssesSGrant_1_19",14
"inaug_UlyssesSGrant_1_20",14
"inaug_UlyssesSGrant_1_21",14
"inaug_UlyssesSGrant_1_22",14
"inaug_UlyssesSGrant_1_23",14
"inaug_UlyssesSGrant_1_24",14
"inaug_UlyssesSGrant_1_25",14
"inaug_UlyssesSGrant_1_26",14
"inaug_UlyssesSGrant_1_27",1
"inaug_UlyssesSGrant_1_28",15
"inaug_UlyssesSGrant_1_29",7
"inaug_UlyssesSGrant_1_30",15
"inaug_UlyssesSGrant_1_31",3
"inaug_UlyssesSGrant_1_32",14
"inaug_UlyssesSGrant_1_33",14
"inaug_UlyssesSGrant_1_34",14
"inaug_UlyssesSGrant_1_35",14
"inaug_UlyssesSGrant_1_36",6
"inaug_UlyssesSGrant_1_37",6
"inaug_UlyssesSGrant_1_38",10
"inaug_UlyssesSGrant_1_39",13
"inaug_UlyssesSGrant_1_40",11
"inaug_UlyssesSGrant_1_41",11
"inaug_UlyssesSGrant_1_42",11
"inaug_UlyssesSGrant_1_43",11
"inaug_UlyssesSGrant_2_2",10
"inaug_UlyssesSGrant_2_3",14
"inaug_UlyssesSGrant_2_4",8
"inaug_UlyssesSGrant_2_5",11
"inaug_UlyssesSGrant_2_6",2
"inaug_UlyssesSGrant_2_7",13
"inaug_UlyssesSGrant_2_8",12
"inaug_UlyssesSGrant_2_9",12
"inaug_UlyssesSGrant_2_10",12
"inaug_UlyssesSGrant_2_11",12
"inaug_UlyssesSGrant_2_12",12
"inaug_UlyssesSGrant_2_13",14
"inaug_UlyssesSGrant_2_14",14
"inaug_UlyssesSGrant_2_15",3
"inaug_UlyssesSGrant_2_16",11
"inaug_UlyssesSGrant_2_17",11
"inaug_UlyssesSGrant_2_18",11
"inaug_UlyssesSGrant_2_19",11
"inaug_UlyssesSGrant_2_20",11
"inaug_UlyssesSGrant_2_21",11
"inaug_UlyssesSGrant_2_22",11
"inaug_UlyssesSGrant_2_23",11
"inaug_UlyssesSGrant_2_24",11
"inaug_UlyssesSGrant_2_25",11
"inaug_UlyssesSGrant_2_26",12
"inaug_UlyssesSGrant_2_27",14
"inaug_UlyssesSGrant_2_28",1
"inaug_UlyssesSGrant_2_29",8
"inaug_UlyssesSGrant_2_30",8
"inaug_UlyssesSGrant_2_31",8
"inaug_UlyssesSGrant_2_32",1
"inaug_UlyssesSGrant_2_33",8
"inaug_UlyssesSGrant_2_34",8
"inaug_UlyssesSGrant_2_35",14
"inaug_UlyssesSGrant_2_36",1
"inaug_UlyssesSGrant_2_37",14
"inaug_UlyssesSGrant_2_38",14
"inaug_UlyssesSGrant_2_39",14
"inaug_UlyssesSGrant_2_40",14
"inaug_UlyssesSGrant_2_41",13
"inaug_UlyssesSGrant_2_42",14
"inaug_UlyssesSGrant_2_43",14
"inaug_UlyssesSGrant_2_44",6
"inaug_UlyssesSGrant_2_45",10
"inaug_UlyssesSGrant_2_46",10
"inaug_UlyssesSGrant_2_47",10
"inaug_UlyssesSGrant_2_48",10
"inaug_UlyssesSGrant_2_49",10
"inaug_WoodrowWilson_1_2",15
"inaug_WoodrowWilson_1_3",11
"inaug_WoodrowWilson_1_4",15
"inaug_WoodrowWilson_1_5",15
"inaug_WoodrowWilson_1_6",1
"inaug_WoodrowWilson_1_7",15
"inaug_WoodrowWilson_1_8",1
"inaug_WoodrowWilson_1_9",1
"inaug_WoodrowWilson_1_10",7
"inaug_WoodrowWilson_1_11",5
"inaug_WoodrowWilson_1_12",3
"inaug_WoodrowWilson_1_13",3
"inaug_WoodrowWilson_1_14",3
"inaug_WoodrowWilson_1_15",9
"inaug_WoodrowWilson_1_16",3
"inaug_WoodrowWilson_1_17",1
"inaug_WoodrowWilson_1_18",1
"inaug_WoodrowWilson_1_19",1
"inaug_WoodrowWilson_1_20",2
"inaug_WoodrowWilson_1_21",3
"inaug_WoodrowWilson_1_22",9
"inaug_WoodrowWilson_1_23",9
"inaug_WoodrowWilson_1_24",1
"inaug_WoodrowWilson_1_25",1
"inaug_WoodrowWilson_1_26",1
"inaug_WoodrowWilson_1_27",1
"inaug_WoodrowWilson_1_28",1
"inaug_WoodrowWilson_1_29",3
"inaug_WoodrowWilson_1_30",3
"inaug_WoodrowWilson_1_31",3
"inaug_WoodrowWilson_1_32",3
"inaug_WoodrowWilson_1_33",3
"inaug_WoodrowWilson_1_34",3
"inaug_WoodrowWilson_1_35",9
"inaug_WoodrowWilson_1_36",9
"inaug_WoodrowWilson_1_37",1
"inaug_WoodrowWilson_1_38",1
"inaug_WoodrowWilson_1_39",3
"inaug_WoodrowWilson_1_40",3
"inaug_WoodrowWilson_1_41",1
"inaug_WoodrowWilson_1_42",1
"inaug_WoodrowWilson_1_43",4
"inaug_WoodrowWilson_1_44",4
"inaug_WoodrowWilson_1_45",14
"inaug_WoodrowWilson_1_46",1
"inaug_WoodrowWilson_1_47",1
"inaug_WoodrowWilson_1_48",1
"inaug_WoodrowWilson_1_49",1
"inaug_WoodrowWilson_1_50",4
"inaug_WoodrowWilson_1_51",4
"inaug_WoodrowWilson_1_52",1
"inaug_WoodrowWilson_1_53",1
"inaug_WoodrowWilson_1_54",1
"inaug_WoodrowWilson_1_55",4
"inaug_WoodrowWilson_1_56",6
"inaug_WoodrowWilson_1_57",6
"inaug_WoodrowWilson_1_58",6
"inaug_WoodrowWilson_1_59",3
"inaug_WoodrowWilson_1_60",15
"inaug_WoodrowWilson_1_61",11
"inaug_WoodrowWilson_1_62",7
"inaug_WoodrowWilson_1_63",7
"inaug_WoodrowWilson_1_64",7
"inaug_WoodrowWilson_1_65",3
"inaug_WoodrowWilson_1_66",7
"inaug_WoodrowWilson_1_67",7
"inaug_WoodrowWilson_1_68",7
"inaug_WoodrowWilson_1_69",7
"inaug_WoodrowWilson_1_70",15
"inaug_WoodrowWilson_1_71",1
"inaug_WoodrowWilson_1_72",1
"inaug_WoodrowWilson_1_73",1
"inaug_WoodrowWilson_1_74",1
"inaug_WoodrowWilson_1_75",1
"inaug_WoodrowWilson_1_76",1
"inaug_WoodrowWilson_1_77",1
"inaug_WoodrowWilson_2_2",3
"inaug_WoodrowWilson_2_3",3
"inaug_WoodrowWilson_2_4",3
"inaug_WoodrowWilson_2_5",4
"inaug_WoodrowWilson_2_6",15
"inaug_WoodrowWilson_2_7",15
"inaug_WoodrowWilson_2_8",3
"inaug_WoodrowWilson_2_9",3
"inaug_WoodrowWilson_2_10",11
"inaug_WoodrowWilson_2_11",1
"inaug_WoodrowWilson_2_12",7
"inaug_WoodrowWilson_2_13",3
"inaug_WoodrowWilson_2_14",3
"inaug_WoodrowWilson_2_15",12
"inaug_WoodrowWilson_2_16",3
"inaug_WoodrowWilson_2_17",3
"inaug_WoodrowWilson_2_18",3
"inaug_WoodrowWilson_2_19",4
"inaug_WoodrowWilson_2_20",3
"inaug_WoodrowWilson_2_21",3
"inaug_WoodrowWilson_2_22",3
"inaug_WoodrowWilson_2_23",3
"inaug_WoodrowWilson_2_24",3
"inaug_WoodrowWilson_2_25",3
"inaug_WoodrowWilson_2_26",3
"inaug_WoodrowWilson_2_27",3
"inaug_WoodrowWilson_2_28",3
"inaug_WoodrowWilson_2_29",13
"inaug_WoodrowWilson_2_30",11
"inaug_WoodrowWilson_2_31",7
"inaug_WoodrowWilson_2_32",3
"inaug_WoodrowWilson_2_33",3
"inaug_WoodrowWilson_2_34",3
"inaug_WoodrowWilson_2_35",3
"inaug_WoodrowWilson_2_36",7
"inaug_WoodrowWilson_2_37",6
"inaug_WoodrowWilson_2_38",4
"inaug_WoodrowWilson_2_39",9
"inaug_WoodrowWilson_2_40",9
"inaug_WoodrowWilson_2_41",13
"inaug_WoodrowWilson_2_42",2
"inaug_WoodrowWilson_2_43",2
"inaug_WoodrowWilson_2_44",6
"inaug_WoodrowWilson_2_45",6
"inaug_WoodrowWilson_2_46",3
"inaug_WoodrowWilson_2_47",8
"inaug_WoodrowWilson_2_48",8
"inaug_WoodrowWilson_2_49",8
"inaug_WoodrowWilson_2_50",10
"inaug_WoodrowWilson_2_51",10
"inaug_WoodrowWilson_2_52",3
"inaug_WoodrowWilson_2_53",3
"inaug_WoodrowWilson_2_54",15
"inaug_WoodrowWilson_2_55",15
"inaug_WoodrowWilson_2_56",15
"inaug_WoodrowWilson_2_57",15
"inaug_WoodrowWilson_2_58",10
"inaug_WoodrowWilson_2_59",15
"inaug_WoodrowWilson_2_60",1
"inaug_WoodrowWilson_2_61",3
"inaug_WoodrowWilson_2_62",3
"inaug_WoodrowWilson_2_63",3
"inaug_WoodrowWilson_2_64",3
"inaug_WoodrowWilson_2_65",3
"inaug_WoodrowWilson_2_66",14
"inaug_HerbertHoover_1_2",3
"inaug_HerbertHoover_1_3",11
"inaug_HerbertHoover_1_4",6
"inaug_HerbertHoover_1_5",5
"inaug_HerbertHoover_1_6",6
"inaug_HerbertHoover_1_7",5
"inaug_HerbertHoover_1_8",2
"inaug_HerbertHoover_1_9",2
"inaug_HerbertHoover_1_10",2
"inaug_HerbertHoover_1_11",2
"inaug_HerbertHoover_1_12",6
"inaug_HerbertHoover_1_13",6
"inaug_HerbertHoover_1_14",10
"inaug_HerbertHoover_1_15",3
"inaug_HerbertHoover_1_16",6
"inaug_HerbertHoover_1_17",7
"inaug_HerbertHoover_1_18",4
"inaug_HerbertHoover_1_19",4
"inaug_HerbertHoover_1_20",4
"inaug_HerbertHoover_1_21",4
"inaug_HerbertHoover_1_22",4
"inaug_HerbertHoover_1_23",4
"inaug_HerbertHoover_1_24",4
"inaug_HerbertHoover_1_25",4
"inaug_HerbertHoover_1_26",4
"inaug_HerbertHoover_1_27",4
"inaug_HerbertHoover_1_28",4
"inaug_HerbertHoover_1_29",4
"inaug_HerbertHoover_1_30",4
"inaug_HerbertHoover_1_31",4
"inaug_HerbertHoover_1_32",4
"inaug_HerbertHoover_1_33",4
"inaug_HerbertHoover_1_34",4
"inaug_HerbertHoover_1_35",4
"inaug_HerbertHoover_1_36",4
"inaug_HerbertHoover_1_37",4
"inaug_HerbertHoover_1_38",4
"inaug_HerbertHoover_1_39",4
"inaug_HerbertHoover_1_40",4
"inaug_HerbertHoover_1_41",4
"inaug_HerbertHoover_1_42",4
"inaug_HerbertHoover_1_43",4
"inaug_HerbertHoover_1_44",4
"inaug_HerbertHoover_1_45",4
"inaug_HerbertHoover_1_46",4
"inaug_HerbertHoover_1_47",4
"inaug_HerbertHoover_1_48",4
"inaug_HerbertHoover_1_49",4
"inaug_HerbertHoover_1_50",4
"inaug_HerbertHoover_1_51",4
"inaug_HerbertHoover_1_52",4
"inaug_HerbertHoover_1_53",4
"inaug_HerbertHoover_1_54",4
"inaug_HerbertHoover_1_55",4
"inaug_HerbertHoover_1_56",4
"inaug_HerbertHoover_1_57",4
"inaug_HerbertHoover_1_58",4
"inaug_HerbertHoover_1_59",4
"inaug_HerbertHoover_1_60",4
"inaug_HerbertHoover_1_61",4
"inaug_HerbertHoover_1_62",4
"inaug_HerbertHoover_1_63",4
"inaug_HerbertHoover_1_64",4
"inaug_HerbertHoover_1_65",4
"inaug_HerbertHoover_1_66",4
"inaug_HerbertHoover_1_67",4
"inaug_HerbertHoover_1_68",4
"inaug_HerbertHoover_1_69",4
"inaug_HerbertHoover_1_70",3
"inaug_HerbertHoover_1_71",3
"inaug_HerbertHoover_1_72",3
"inaug_HerbertHoover_1_73",4
"inaug_HerbertHoover_1_74",4
"inaug_HerbertHoover_1_75",4
"inaug_HerbertHoover_1_76",4
"inaug_HerbertHoover_1_77",4
"inaug_HerbertHoover_1_78",4
"inaug_HerbertHoover_1_79",4
"inaug_HerbertHoover_1_80",4
"inaug_HerbertHoover_1_81",5
"inaug_HerbertHoover_1_82",5
"inaug_HerbertHoover_1_83",5
"inaug_HerbertHoover_1_84",5
"inaug_HerbertHoover_1_85",3
"inaug_HerbertHoover_1_86",4
"inaug_HerbertHoover_1_87",14
"inaug_HerbertHoover_1_88",4
"inaug_HerbertHoover_1_89",4
"inaug_HerbertHoover_1_90",4
"inaug_HerbertHoover_1_91",4
"inaug_HerbertHoover_1_92",2
"inaug_HerbertHoover_1_93",2
"inaug_HerbertHoover_1_94",2
"inaug_HerbertHoover_1_95",2
"inaug_HerbertHoover_1_96",2
"inaug_HerbertHoover_1_97",2
"inaug_HerbertHoover_1_98",2
"inaug_HerbertHoover_1_99",5
"inaug_HerbertHoover_1_100",9
"inaug_HerbertHoover_1_101",9
"inaug_HerbertHoover_1_102",9
"inaug_HerbertHoover_1_103",9
"inaug_HerbertHoover_1_104",9
"inaug_HerbertHoover_1_105",9
"inaug_HerbertHoover_1_106",14
"inaug_HerbertHoover_1_107",2
"inaug_HerbertHoover_1_108",3
"inaug_HerbertHoover_1_109",3
"inaug_HerbertHoover_1_110",3
"inaug_HerbertHoover_1_111",3
"inaug_HerbertHoover_1_112",3
"inaug_HerbertHoover_1_113",4
"inaug_HerbertHoover_1_114",3
"inaug_HerbertHoover_1_115",12
"inaug_HerbertHoover_1_116",8
"inaug_HerbertHoover_1_117",5
"inaug_HerbertHoover_1_118",11
"inaug_HerbertHoover_1_119",3
"inaug_HerbertHoover_1_120",3
"inaug_HerbertHoover_1_121",8
"inaug_HerbertHoover_1_122",3
"inaug_HerbertHoover_1_123",14
"inaug_HerbertHoover_1_124",3
"inaug_HerbertHoover_1_125",2
"inaug_HerbertHoover_1_126",2
"inaug_HerbertHoover_1_127",2
"inaug_HerbertHoover_1_128",2
"inaug_HerbertHoover_1_129",15
"inaug_HerbertHoover_1_130",6
"inaug_HerbertHoover_1_131",2
"inaug_HerbertHoover_1_132",6
"inaug_HerbertHoover_1_133",6
"inaug_HerbertHoover_1_134",6
"inaug_HerbertHoover_1_135",6
"inaug_HerbertHoover_1_136",11
"inaug_HerbertHoover_1_137",6
"inaug_HerbertHoover_1_138",2
"inaug_HerbertHoover_1_139",2
"inaug_HerbertHoover_1_140",2
"inaug_HerbertHoover_1_141",2
"inaug_HerbertHoover_1_142",4
"inaug_HerbertHoover_1_143",4
"inaug_HerbertHoover_1_144",4
"inaug_HerbertHoover_1_145",3
"inaug_HerbertHoover_1_146",4
"inaug_HerbertHoover_1_147",4
"inaug_HerbertHoover_1_148",4
"inaug_HerbertHoover_1_149",4
"inaug_HerbertHoover_1_150",4
"inaug_HerbertHoover_1_151",4
"inaug_HerbertHoover_1_152",4
"inaug_HerbertHoover_1_153",4
"inaug_HerbertHoover_1_154",4
"inaug_HerbertHoover_1_155",4
"inaug_HerbertHoover_1_156",4
"inaug_HerbertHoover_1_157",4
"inaug_HerbertHoover_1_158",4
"inaug_HerbertHoover_1_159",4
"inaug_HerbertHoover_1_160",3
"inaug_HerbertHoover_1_161",3
"inaug_HerbertHoover_1_162",3
"inaug_HerbertHoover_1_163",3
"inaug_HerbertHoover_1_164",7
"inaug_HerbertHoover_1_165",2
"inaug_HerbertHoover_1_166",13
"inaug_HerbertHoover_1_167",4
"inaug_HerbertHoover_1_168",4
"inaug_HerbertHoover_1_169",6
"inaug_HerbertHoover_1_170",1
"inaug_HerbertHoover_1_171",2
"inaug_HerbertHoover_1_172",2
"inaug_HerbertHoover_1_173",2
"inaug_HerbertHoover_1_174",13
"inaug_HerbertHoover_1_175",6
"inaug_HerbertHoover_1_176",3
"inaug_HerbertHoover_1_177",3
"inaug_HerbertHoover_1_178",3
"inaug_HerbertHoover_1_179",3
"inaug_HerbertHoover_1_180",9
"inaug_HerbertHoover_1_181",1
"inaug_HerbertHoover_1_182",5
"inaug_HerbertHoover_1_183",5
"inaug_HerbertHoover_1_184",5
"inaug_HerbertHoover_1_185",3
"inaug_HerbertHoover_1_186",3
"inaug_HerbertHoover_1_187",6
"inaug_HerbertHoover_1_188",6
"inaug_HerbertHoover_1_189",6
"inaug_HerbertHoover_1_190",6
"inaug_HerbertHoover_1_191",4
"inaug_HerbertHoover_1_192",10
"inaug_HerbertHoover_1_193",2
"inaug_HerbertHoover_1_194",2
"inaug_HerbertHoover_1_195",15
"inaug_FranklinDRoosevelt_1_2",15
"inaug_FranklinDRoosevelt_1_3",13
"inaug_FranklinDRoosevelt_1_4",3
"inaug_FranklinDRoosevelt_1_5",3
"inaug_FranklinDRoosevelt_1_6",3
"inaug_FranklinDRoosevelt_1_7",3
"inaug_FranklinDRoosevelt_1_8",3
"inaug_FranklinDRoosevelt_1_9",15
"inaug_FranklinDRoosevelt_1_10",1
"inaug_FranklinDRoosevelt_1_11",1
"inaug_FranklinDRoosevelt_1_12",12
"inaug_FranklinDRoosevelt_1_13",4
"inaug_FranklinDRoosevelt_1_14",6
"inaug_FranklinDRoosevelt_1_15",6
"inaug_FranklinDRoosevelt_1_16",6
"inaug_FranklinDRoosevelt_1_17",12
"inaug_FranklinDRoosevelt_1_18",2
"inaug_FranklinDRoosevelt_1_19",5
"inaug_FranklinDRoosevelt_1_20",2
"inaug_FranklinDRoosevelt_1_21",2
"inaug_FranklinDRoosevelt_1_22",3
"inaug_FranklinDRoosevelt_1_23",5
"inaug_FranklinDRoosevelt_1_24",1
"inaug_FranklinDRoosevelt_1_25",1
"inaug_FranklinDRoosevelt_1_26",1
"inaug_FranklinDRoosevelt_1_27",14
"inaug_FranklinDRoosevelt_1_28",14
"inaug_FranklinDRoosevelt_1_29",7
"inaug_FranklinDRoosevelt_1_30",3
"inaug_FranklinDRoosevelt_1_31",3
"inaug_FranklinDRoosevelt_1_32",10
"inaug_FranklinDRoosevelt_1_33",14
"inaug_FranklinDRoosevelt_1_34",7
"inaug_FranklinDRoosevelt_1_35",1
"inaug_FranklinDRoosevelt_1_36",1
"inaug_FranklinDRoosevelt_1_37",1
"inaug_FranklinDRoosevelt_1_38",1
"inaug_FranklinDRoosevelt_1_39",1
"inaug_FranklinDRoosevelt_1_40",1
"inaug_FranklinDRoosevelt_1_41",10
"inaug_FranklinDRoosevelt_1_42",3
"inaug_FranklinDRoosevelt_1_43",3
"inaug_FranklinDRoosevelt_1_44",3
"inaug_FranklinDRoosevelt_1_45",7
"inaug_FranklinDRoosevelt_1_46",7
"inaug_FranklinDRoosevelt_1_47",1
"inaug_FranklinDRoosevelt_1_48",7
"inaug_FranklinDRoosevelt_1_49",7
"inaug_FranklinDRoosevelt_1_50",7
"inaug_FranklinDRoosevelt_1_51",7
"inaug_FranklinDRoosevelt_1_52",7
"inaug_FranklinDRoosevelt_1_53",7
"inaug_FranklinDRoosevelt_1_54",7
"inaug_FranklinDRoosevelt_1_55",14
"inaug_FranklinDRoosevelt_1_56",7
"inaug_FranklinDRoosevelt_1_57",7
"inaug_FranklinDRoosevelt_1_58",12
"inaug_FranklinDRoosevelt_1_59",12
"inaug_FranklinDRoosevelt_1_60",12
"inaug_FranklinDRoosevelt_1_61",12
"inaug_FranklinDRoosevelt_1_62",12
"inaug_FranklinDRoosevelt_1_63",3
"inaug_FranklinDRoosevelt_1_64",3
"inaug_FranklinDRoosevelt_1_65",3
"inaug_FranklinDRoosevelt_1_66",3
"inaug_FranklinDRoosevelt_1_67",3
"inaug_FranklinDRoosevelt_1_68",6
"inaug_FranklinDRoosevelt_1_69",3
"inaug_FranklinDRoosevelt_1_70",6
"inaug_FranklinDRoosevelt_1_71",3
"inaug_FranklinDRoosevelt_1_72",3
"inaug_FranklinDRoosevelt_1_73",3
"inaug_FranklinDRoosevelt_1_74",3
"inaug_FranklinDRoosevelt_1_75",3
"inaug_FranklinDRoosevelt_1_76",3
"inaug_FranklinDRoosevelt_1_77",3
"inaug_FranklinDRoosevelt_1_78",12
"inaug_FranklinDRoosevelt_1_79",12
"inaug_FranklinDRoosevelt_1_80",12
"inaug_FranklinDRoosevelt_1_81",12
"inaug_FranklinDRoosevelt_1_82",12
"inaug_FranklinDRoosevelt_1_83",12
"inaug_FranklinDRoosevelt_1_84",12
"inaug_FranklinDRoosevelt_1_85",12
"inaug_FranklinDRoosevelt_1_86",12
"inaug_FranklinDRoosevelt_1_87",1
"inaug_FranklinDRoosevelt_1_88",1
"inaug_FranklinDRoosevelt_1_89",9
"inaug_FranklinDRoosevelt_1_90",9
"inaug_FranklinDRoosevelt_1_91",9
"inaug_FranklinDRoosevelt_1_92",6
"inaug_FranklinDRoosevelt_1_93",3
"inaug_FranklinDRoosevelt_1_94",4
"inaug_FranklinDRoosevelt_1_95",3
"inaug_FranklinDRoosevelt_1_96",3
"inaug_FranklinDRoosevelt_1_97",10
"inaug_FranklinDRoosevelt_1_98",7
"inaug_FranklinDRoosevelt_1_99",15
"inaug_FranklinDRoosevelt_2_2",15
"inaug_FranklinDRoosevelt_2_3",3
"inaug_FranklinDRoosevelt_2_4",3
"inaug_FranklinDRoosevelt_2_5",3
"inaug_FranklinDRoosevelt_2_6",5
"inaug_FranklinDRoosevelt_2_7",5
"inaug_FranklinDRoosevelt_2_8",5
"inaug_FranklinDRoosevelt_2_9",5
"inaug_FranklinDRoosevelt_2_10",5
"inaug_FranklinDRoosevelt_2_11",5
"inaug_FranklinDRoosevelt_2_12",5
"inaug_FranklinDRoosevelt_2_13",5
"inaug_FranklinDRoosevelt_2_14",5
"inaug_FranklinDRoosevelt_2_15",9
"inaug_FranklinDRoosevelt_2_16",5
"inaug_FranklinDRoosevelt_2_17",5
"inaug_FranklinDRoosevelt_2_18",4
"inaug_FranklinDRoosevelt_2_19",4
"inaug_FranklinDRoosevelt_2_20",15
"inaug_FranklinDRoosevelt_2_21",15
"inaug_FranklinDRoosevelt_2_22",15
"inaug_FranklinDRoosevelt_2_23",8
"inaug_FranklinDRoosevelt_2_24",7
"inaug_FranklinDRoosevelt_2_25",8
"inaug_FranklinDRoosevelt_2_26",8
"inaug_FranklinDRoosevelt_2_27",8
"inaug_FranklinDRoosevelt_2_28",12
"inaug_FranklinDRoosevelt_2_29",10
"inaug_FranklinDRoosevelt_2_30",12
"inaug_FranklinDRoosevelt_2_31",2
"inaug_FranklinDRoosevelt_2_32",9
"inaug_FranklinDRoosevelt_2_33",1
"inaug_FranklinDRoosevelt_2_34",9
"inaug_FranklinDRoosevelt_2_35",1
"inaug_FranklinDRoosevelt_2_36",9
"inaug_FranklinDRoosevelt_2_37",1
"inaug_FranklinDRoosevelt_2_38",9
"inaug_FranklinDRoosevelt_2_39",3
"inaug_FranklinDRoosevelt_2_40",2
"inaug_FranklinDRoosevelt_2_41",2
"inaug_FranklinDRoosevelt_2_42",2
"inaug_FranklinDRoosevelt_2_43",2
"inaug_FranklinDRoosevelt_2_44",1
"inaug_FranklinDRoosevelt_2_45",3
"inaug_FranklinDRoosevelt_2_46",9
"inaug_FranklinDRoosevelt_2_47",9
"inaug_FranklinDRoosevelt_2_48",9
"inaug_FranklinDRoosevelt_2_49",9
"inaug_FranklinDRoosevelt_2_50",5
"inaug_FranklinDRoosevelt_2_51",5
"inaug_FranklinDRoosevelt_2_52",3
"inaug_FranklinDRoosevelt_2_53",3
"inaug_FranklinDRoosevelt_2_54",9
"inaug_FranklinDRoosevelt_2_55",5
"inaug_FranklinDRoosevelt_2_56",15
"inaug_FranklinDRoosevelt_2_57",15
"inaug_FranklinDRoosevelt_2_58",15
"inaug_FranklinDRoosevelt_2_59",15
"inaug_FranklinDRoosevelt_2_60",15
"inaug_FranklinDRoosevelt_2_61",9
"inaug_FranklinDRoosevelt_2_62",15
"inaug_FranklinDRoosevelt_2_63",1
"inaug_FranklinDRoosevelt_2_64",1
"inaug_FranklinDRoosevelt_2_65",5
"inaug_FranklinDRoosevelt_2_66",13
"inaug_FranklinDRoosevelt_2_67",5
"inaug_FranklinDRoosevelt_2_68",5
"inaug_FranklinDRoosevelt_2_69",3
"inaug_FranklinDRoosevelt_2_70",3
"inaug_FranklinDRoosevelt_2_71",5
"inaug_FranklinDRoosevelt_2_72",9
"inaug_FranklinDRoosevelt_2_73",6
"inaug_FranklinDRoosevelt_2_74",6
"inaug_FranklinDRoosevelt_2_75",1
"inaug_FranklinDRoosevelt_2_76",7
"inaug_FranklinDRoosevelt_2_77",1
"inaug_FranklinDRoosevelt_2_78",1
"inaug_FranklinDRoosevelt_2_79",1
"inaug_FranklinDRoosevelt_2_80",1
"inaug_FranklinDRoosevelt_2_81",1
"inaug_FranklinDRoosevelt_2_82",1
"inaug_FranklinDRoosevelt_2_83",1
"inaug_FranklinDRoosevelt_2_84",1
"inaug_FranklinDRoosevelt_2_85",4
"inaug_FranklinDRoosevelt_2_86",4
"inaug_FranklinDRoosevelt_2_87",14
"inaug_FranklinDRoosevelt_2_88",4
"inaug_FranklinDRoosevelt_2_89",3
"inaug_FranklinDRoosevelt_2_90",14
"inaug_FranklinDRoosevelt_2_91",14
"inaug_FranklinDRoosevelt_2_92",1
"inaug_FranklinDRoosevelt_2_93",1
"inaug_FranklinDRoosevelt_2_94",1
"inaug_FranklinDRoosevelt_2_95",4
"inaug_FranklinDRoosevelt_2_96",4
"inaug_FranklinDRoosevelt_2_97",7
"inaug_FranklinDRoosevelt_2_98",7
"inaug_FranklinDRoosevelt_2_99",14
"inaug_FranklinDRoosevelt_2_100",14
"inaug_FranklinDRoosevelt_2_101",14
"inaug_FranklinDRoosevelt_2_102",1
"inaug_FranklinDRoosevelt_2_103",5
"inaug_FranklinDRoosevelt_2_104",3
"inaug_FranklinDRoosevelt_2_105",7
"inaug_FranklinDRoosevelt_2_106",3
"inaug_FranklinDRoosevelt_2_107",3
"inaug_FranklinDRoosevelt_2_108",3
"inaug_FranklinDRoosevelt_3_2",7
"inaug_FranklinDRoosevelt_3_3",7
"inaug_FranklinDRoosevelt_3_4",7
"inaug_FranklinDRoosevelt_3_5",7
"inaug_FranklinDRoosevelt_3_6",3
"inaug_FranklinDRoosevelt_3_7",5
"inaug_FranklinDRoosevelt_3_8",5
"inaug_FranklinDRoosevelt_3_9",3
"inaug_FranklinDRoosevelt_3_10",3
"inaug_FranklinDRoosevelt_3_11",3
"inaug_FranklinDRoosevelt_3_12",4
"inaug_FranklinDRoosevelt_3_13",3
"inaug_FranklinDRoosevelt_3_14",3
"inaug_FranklinDRoosevelt_3_15",15
"inaug_FranklinDRoosevelt_3_16",3
"inaug_FranklinDRoosevelt_3_17",3
"inaug_FranklinDRoosevelt_3_18",3
"inaug_FranklinDRoosevelt_3_19",3
"inaug_FranklinDRoosevelt_3_20",1
"inaug_FranklinDRoosevelt_3_21",8
"inaug_FranklinDRoosevelt_3_22",8
"inaug_FranklinDRoosevelt_3_23",15
"inaug_FranklinDRoosevelt_3_24",6
"inaug_FranklinDRoosevelt_3_25",2
"inaug_FranklinDRoosevelt_3_26",2
"inaug_FranklinDRoosevelt_3_27",1
"inaug_FranklinDRoosevelt_3_28",1
"inaug_FranklinDRoosevelt_3_29",1
"inaug_FranklinDRoosevelt_3_30",2
"inaug_FranklinDRoosevelt_3_31",2
"inaug_FranklinDRoosevelt_3_32",3
"inaug_FranklinDRoosevelt_3_33",2
"inaug_FranklinDRoosevelt_3_34",2
"inaug_FranklinDRoosevelt_3_35",5
"inaug_FranklinDRoosevelt_3_36",5
"inaug_FranklinDRoosevelt_3_37",3
"inaug_FranklinDRoosevelt_3_38",1
"inaug_FranklinDRoosevelt_3_39",15
"inaug_FranklinDRoosevelt_3_40",15
"inaug_FranklinDRoosevelt_3_41",3
"inaug_FranklinDRoosevelt_3_42",2
"inaug_FranklinDRoosevelt_3_43",9
"inaug_FranklinDRoosevelt_3_44",12
"inaug_FranklinDRoosevelt_3_45",2
"inaug_FranklinDRoosevelt_3_46",2
"inaug_FranklinDRoosevelt_3_47",11
"inaug_FranklinDRoosevelt_3_48",9
"inaug_FranklinDRoosevelt_3_49",3
"inaug_FranklinDRoosevelt_3_50",9
"inaug_FranklinDRoosevelt_3_51",4
"inaug_FranklinDRoosevelt_3_52",3
"inaug_FranklinDRoosevelt_3_53",1
"inaug_FranklinDRoosevelt_3_54",1
"inaug_FranklinDRoosevelt_3_55",1
"inaug_FranklinDRoosevelt_3_56",1
"inaug_FranklinDRoosevelt_3_57",1
"inaug_FranklinDRoosevelt_3_58",1
"inaug_FranklinDRoosevelt_3_59",1
"inaug_FranklinDRoosevelt_3_60",15
"inaug_FranklinDRoosevelt_3_61",15
"inaug_FranklinDRoosevelt_3_62",15
"inaug_FranklinDRoosevelt_3_63",15
"inaug_FranklinDRoosevelt_3_64",15
"inaug_FranklinDRoosevelt_3_65",15
"inaug_FranklinDRoosevelt_3_67",15
"inaug_FranklinDRoosevelt_3_69",13
"inaug_FranklinDRoosevelt_3_70",9
"inaug_FranklinDRoosevelt_3_71",7
"inaug_FranklinDRoosevelt_3_72",6
"inaug_FranklinDRoosevelt_3_73",3
"inaug_FranklinDRoosevelt_3_74",9
"inaug_FranklinDRoosevelt_3_75",9
"inaug_FranklinDRoosevelt_4_2",15
"inaug_FranklinDRoosevelt_4_3",15
"inaug_FranklinDRoosevelt_4_4",15
"inaug_FranklinDRoosevelt_4_5",15
"inaug_FranklinDRoosevelt_4_6",15
"inaug_FranklinDRoosevelt_4_7",15
"inaug_FranklinDRoosevelt_4_8",15
"inaug_FranklinDRoosevelt_4_9",2
"inaug_FranklinDRoosevelt_4_10",2
"inaug_FranklinDRoosevelt_4_11",1
"inaug_FranklinDRoosevelt_4_12",9
"inaug_FranklinDRoosevelt_4_13",14
"inaug_FranklinDRoosevelt_4_14",14
"inaug_FranklinDRoosevelt_4_15",14
"inaug_FranklinDRoosevelt_4_16",14
"inaug_FranklinDRoosevelt_4_17",14
"inaug_FranklinDRoosevelt_4_18",11
"inaug_FranklinDRoosevelt_4_19",9
"inaug_FranklinDRoosevelt_4_20",9
"inaug_FranklinDRoosevelt_4_21",9
"inaug_FranklinDRoosevelt_4_22",2
"inaug_FranklinDRoosevelt_4_23",9
"inaug_FranklinDRoosevelt_4_24",9
"inaug_FranklinDRoosevelt_4_25",1
"inaug_FranklinDRoosevelt_4_26",9
"inaug_FranklinDRoosevelt_4_27",2
"inaug_FranklinDRoosevelt_4_28",2
"inaug_FranklinDRoosevelt_4_29",2
"inaug_FranklinDRoosevelt_4_30",2
"inaug_FranklinDRoosevelt_4_31",2
"inaug_DwightDEisenhower_1_2",15
"inaug_DwightDEisenhower_1_3",15
"inaug_DwightDEisenhower_1_4",3
"inaug_DwightDEisenhower_1_5",3
"inaug_DwightDEisenhower_1_6",3
"inaug_DwightDEisenhower_1_7",15
"inaug_DwightDEisenhower_1_8",15
"inaug_DwightDEisenhower_1_9",15
"inaug_DwightDEisenhower_1_10",15
"inaug_DwightDEisenhower_1_11",15
"inaug_DwightDEisenhower_1_12",15
"inaug_DwightDEisenhower_1_13",15
"inaug_DwightDEisenhower_1_14",15
"inaug_DwightDEisenhower_1_15",6
"inaug_DwightDEisenhower_1_16",6
"inaug_DwightDEisenhower_1_17",6
"inaug_DwightDEisenhower_1_18",9
"inaug_DwightDEisenhower_1_19",15
"inaug_DwightDEisenhower_1_20",2
"inaug_DwightDEisenhower_1_21",5
"inaug_DwightDEisenhower_1_22",2
"inaug_DwightDEisenhower_1_23",6
"inaug_DwightDEisenhower_1_24",15
"inaug_DwightDEisenhower_1_25",2
"inaug_DwightDEisenhower_1_26",14
"inaug_DwightDEisenhower_1_27",2
"inaug_DwightDEisenhower_1_28",6
"inaug_DwightDEisenhower_1_29",2
"inaug_DwightDEisenhower_1_30",8
"inaug_DwightDEisenhower_1_31",8
"inaug_DwightDEisenhower_1_32",12
"inaug_DwightDEisenhower_1_33",9
"inaug_DwightDEisenhower_1_34",6
"inaug_DwightDEisenhower_1_35",3
"inaug_DwightDEisenhower_1_36",3
"inaug_DwightDEisenhower_1_37",5
"inaug_DwightDEisenhower_1_38",9
"inaug_DwightDEisenhower_1_39",1
"inaug_DwightDEisenhower_1_40",5
"inaug_DwightDEisenhower_1_41",1
"inaug_DwightDEisenhower_1_42",1
"inaug_DwightDEisenhower_1_43",1
"inaug_DwightDEisenhower_1_44",1
"inaug_DwightDEisenhower_1_45",5
"inaug_DwightDEisenhower_1_46",9
"inaug_DwightDEisenhower_1_47",2
"inaug_DwightDEisenhower_1_48",15
"inaug_DwightDEisenhower_1_49",5
"inaug_DwightDEisenhower_1_50",5
"inaug_DwightDEisenhower_1_51",1
"inaug_DwightDEisenhower_1_52",1
"inaug_DwightDEisenhower_1_53",1
"inaug_DwightDEisenhower_1_54",1
"inaug_DwightDEisenhower_1_55",11
"inaug_DwightDEisenhower_1_56",2
"inaug_DwightDEisenhower_1_57",2
"inaug_DwightDEisenhower_1_58",2
"inaug_DwightDEisenhower_1_59",5
"inaug_DwightDEisenhower_1_60",3
"inaug_DwightDEisenhower_1_61",5
"inaug_DwightDEisenhower_1_62",5
"inaug_DwightDEisenhower_1_63",2
"inaug_DwightDEisenhower_1_64",1
"inaug_DwightDEisenhower_1_65",1
"inaug_DwightDEisenhower_1_66",3
"inaug_DwightDEisenhower_1_67",3
"inaug_DwightDEisenhower_1_68",3
"inaug_DwightDEisenhower_1_69",2
"inaug_DwightDEisenhower_1_70",2
"inaug_DwightDEisenhower_1_71",2
"inaug_DwightDEisenhower_1_72",2
"inaug_DwightDEisenhower_1_73",2
"inaug_DwightDEisenhower_1_74",2
"inaug_DwightDEisenhower_1_75",2
"inaug_DwightDEisenhower_1_76",13
"inaug_DwightDEisenhower_1_77",2
"inaug_DwightDEisenhower_1_78",2
"inaug_DwightDEisenhower_1_79",2
"inaug_DwightDEisenhower_1_80",2
"inaug_DwightDEisenhower_1_81",7
"inaug_DwightDEisenhower_1_82",14
"inaug_DwightDEisenhower_1_83",14
"inaug_DwightDEisenhower_1_85",14
"inaug_DwightDEisenhower_1_86",2
"inaug_DwightDEisenhower_1_88",2
"inaug_DwightDEisenhower_1_89",2
"inaug_DwightDEisenhower_1_91",2
"inaug_DwightDEisenhower_1_93",7
"inaug_DwightDEisenhower_1_94",2
"inaug_DwightDEisenhower_1_96",2
"inaug_DwightDEisenhower_1_97",2
"inaug_DwightDEisenhower_1_99",7
"inaug_DwightDEisenhower_1_100",2
"inaug_DwightDEisenhower_1_101",2
"inaug_DwightDEisenhower_1_102",2
"inaug_DwightDEisenhower_1_103",2
"inaug_DwightDEisenhower_1_105",7
"inaug_DwightDEisenhower_1_106",7
"inaug_DwightDEisenhower_1_108",7
"inaug_DwightDEisenhower_1_109",7
"inaug_DwightDEisenhower_1_110",2
"inaug_DwightDEisenhower_1_111",5
"inaug_DwightDEisenhower_1_112",3
"inaug_DwightDEisenhower_1_113",13
"inaug_DwightDEisenhower_1_114",2
"inaug_DwightDEisenhower_1_115",7
"inaug_DwightDEisenhower_1_116",7
"inaug_DwightDEisenhower_1_117",14
"inaug_DwightDEisenhower_1_118",1
"inaug_DwightDEisenhower_1_119",1
"inaug_DwightDEisenhower_1_120",1
"inaug_DwightDEisenhower_1_121",1
"inaug_DwightDEisenhower_1_122",1
"inaug_DwightDEisenhower_1_123",1
"inaug_DwightDEisenhower_1_124",1
"inaug_DwightDEisenhower_1_125",1
"inaug_DwightDEisenhower_1_126",7
"inaug_DwightDEisenhower_1_127",7
"inaug_DwightDEisenhower_1_128",15
"inaug_DwightDEisenhower_1_129",5
"inaug_DwightDEisenhower_1_130",11
"inaug_DwightDEisenhower_1_131",15
"inaug_DwightDEisenhower_1_132",15
"inaug_DwightDEisenhower_1_133",15
"inaug_DwightDEisenhower_2_2",15
"inaug_DwightDEisenhower_2_3",15
"inaug_DwightDEisenhower_2_4",15
"inaug_DwightDEisenhower_2_5",15
"inaug_DwightDEisenhower_2_6",15
"inaug_DwightDEisenhower_2_7",7
"inaug_DwightDEisenhower_2_8",15
"inaug_DwightDEisenhower_2_9",2
"inaug_DwightDEisenhower_2_10",1
"inaug_DwightDEisenhower_2_11",12
"inaug_DwightDEisenhower_2_12",15
"inaug_DwightDEisenhower_2_13",15
"inaug_DwightDEisenhower_2_14",15
"inaug_DwightDEisenhower_2_15",1
"inaug_DwightDEisenhower_2_16",8
"inaug_DwightDEisenhower_2_17",8
"inaug_DwightDEisenhower_2_18",1
"inaug_DwightDEisenhower_2_19",1
"inaug_DwightDEisenhower_2_20",2
"inaug_DwightDEisenhower_2_21",2
"inaug_DwightDEisenhower_2_22",15
"inaug_DwightDEisenhower_2_23",15
"inaug_DwightDEisenhower_2_24",2
"inaug_DwightDEisenhower_2_25",2
"inaug_DwightDEisenhower_2_26",2
"inaug_DwightDEisenhower_2_27",2
"inaug_DwightDEisenhower_2_28",2
"inaug_DwightDEisenhower_2_29",2
"inaug_DwightDEisenhower_2_30",2
"inaug_DwightDEisenhower_2_31",2
"inaug_DwightDEisenhower_2_32",2
"inaug_DwightDEisenhower_2_33",3
"inaug_DwightDEisenhower_2_34",2
"inaug_DwightDEisenhower_2_35",2
"inaug_DwightDEisenhower_2_36",2
"inaug_DwightDEisenhower_2_37",2
"inaug_DwightDEisenhower_2_38",1
"inaug_DwightDEisenhower_2_39",1
"inaug_DwightDEisenhower_2_40",5
"inaug_DwightDEisenhower_2_41",5
"inaug_DwightDEisenhower_2_42",2
"inaug_DwightDEisenhower_2_43",9
"inaug_DwightDEisenhower_2_44",2
"inaug_DwightDEisenhower_2_45",1
"inaug_DwightDEisenhower_2_46",3
"inaug_DwightDEisenhower_2_47",3
"inaug_DwightDEisenhower_2_48",2
"inaug_DwightDEisenhower_2_49",2
"inaug_DwightDEisenhower_2_50",2
"inaug_DwightDEisenhower_2_51",2
"inaug_DwightDEisenhower_2_52",7
"inaug_DwightDEisenhower_2_53",2
"inaug_DwightDEisenhower_2_54",7
"inaug_DwightDEisenhower_2_55",7
"inaug_DwightDEisenhower_2_56",7
"inaug_DwightDEisenhower_2_57",2
"inaug_DwightDEisenhower_2_58",2
"inaug_DwightDEisenhower_2_59",2
"inaug_DwightDEisenhower_2_60",2
"inaug_DwightDEisenhower_2_61",6
"inaug_DwightDEisenhower_2_62",6
"inaug_DwightDEisenhower_2_63",6
"inaug_DwightDEisenhower_2_64",6
"inaug_DwightDEisenhower_2_65",14
"inaug_DwightDEisenhower_2_66",7
"inaug_DwightDEisenhower_2_67",7
"inaug_DwightDEisenhower_2_68",2
"inaug_DwightDEisenhower_2_69",6
"inaug_DwightDEisenhower_2_70",2
"inaug_DwightDEisenhower_2_71",7
"inaug_DwightDEisenhower_2_72",2
"inaug_DwightDEisenhower_2_73",5
"inaug_DwightDEisenhower_2_74",2
"inaug_DwightDEisenhower_2_75",9
"inaug_DwightDEisenhower_2_76",2
"inaug_DwightDEisenhower_2_77",7
"inaug_DwightDEisenhower_2_78",7
"inaug_DwightDEisenhower_2_79",7
"inaug_DwightDEisenhower_2_80",6
"inaug_DwightDEisenhower_2_81",8
"inaug_DwightDEisenhower_2_82",8
"inaug_DwightDEisenhower_2_83",2
"inaug_DwightDEisenhower_2_84",2
"inaug_DwightDEisenhower_2_85",2
"inaug_DwightDEisenhower_2_86",2
"inaug_DwightDEisenhower_2_87",2
"inaug_DwightDEisenhower_2_88",13
"inaug_DwightDEisenhower_2_89",3
"inaug_DwightDEisenhower_2_90",15
"inaug_DwightDEisenhower_2_91",9
"inaug_DwightDEisenhower_2_92",2
"inaug_DwightDEisenhower_2_93",1
"inaug_DwightDEisenhower_2_94",2
"inaug_DwightDEisenhower_2_95",2
"inaug_DwightDEisenhower_2_96",2
"inaug_DwightDEisenhower_2_97",2
"inaug_LyndonBJohnson_1_2",6
"inaug_LyndonBJohnson_1_3",7
"inaug_LyndonBJohnson_1_4",6
"inaug_LyndonBJohnson_1_5",9
"inaug_LyndonBJohnson_1_6",9
"inaug_LyndonBJohnson_1_7",9
"inaug_LyndonBJohnson_1_8",2
"inaug_LyndonBJohnson_1_9",9
"inaug_LyndonBJohnson_1_10",1
"inaug_LyndonBJohnson_1_11",9
"inaug_LyndonBJohnson_1_12",5
"inaug_LyndonBJohnson_1_13",5
"inaug_LyndonBJohnson_1_14",5
"inaug_LyndonBJohnson_1_15",11
"inaug_LyndonBJohnson_1_16",2
"inaug_LyndonBJohnson_1_17",3
"inaug_LyndonBJohnson_1_18",12
"inaug_LyndonBJohnson_1_19",12
"inaug_LyndonBJohnson_1_20",1
"inaug_LyndonBJohnson_1_21",7
"inaug_LyndonBJohnson_1_22",7
"inaug_LyndonBJohnson_1_23",9
"inaug_LyndonBJohnson_1_24",5
"inaug_LyndonBJohnson_1_25",9
"inaug_LyndonBJohnson_1_26",9
"inaug_LyndonBJohnson_1_27",9
"inaug_LyndonBJohnson_1_28",9
"inaug_LyndonBJohnson_1_29",9
"inaug_LyndonBJohnson_1_30",5
"inaug_LyndonBJohnson_1_31",4
"inaug_LyndonBJohnson_1_32",9
"inaug_LyndonBJohnson_1_33",5
"inaug_LyndonBJohnson_1_34",5
"inaug_LyndonBJohnson_1_35",5
"inaug_LyndonBJohnson_1_36",5
"inaug_LyndonBJohnson_1_37",5
"inaug_LyndonBJohnson_1_38",5
"inaug_LyndonBJohnson_1_39",7
"inaug_LyndonBJohnson_1_40",1
"inaug_LyndonBJohnson_1_41",5
"inaug_LyndonBJohnson_1_42",2
"inaug_LyndonBJohnson_1_43",5
"inaug_LyndonBJohnson_1_44",5
"inaug_LyndonBJohnson_1_45",5
"inaug_LyndonBJohnson_1_46",15
"inaug_LyndonBJohnson_1_47",5
"inaug_LyndonBJohnson_1_48",13
"inaug_LyndonBJohnson_1_49",5
"inaug_LyndonBJohnson_1_50",2
"inaug_LyndonBJohnson_1_51",5
"inaug_LyndonBJohnson_1_52",5
"inaug_LyndonBJohnson_1_53",5
"inaug_LyndonBJohnson_1_54",3
"inaug_LyndonBJohnson_1_55",3
"inaug_LyndonBJohnson_1_56",5
"inaug_LyndonBJohnson_1_57",11
"inaug_LyndonBJohnson_1_58",5
"inaug_LyndonBJohnson_1_59",1
"inaug_LyndonBJohnson_1_60",1
"inaug_LyndonBJohnson_1_61",1
"inaug_LyndonBJohnson_1_62",5
"inaug_LyndonBJohnson_1_63",5
"inaug_LyndonBJohnson_1_64",5
"inaug_LyndonBJohnson_1_65",3
"inaug_LyndonBJohnson_1_66",3
"inaug_LyndonBJohnson_1_67",3
"inaug_LyndonBJohnson_1_68",12
"inaug_LyndonBJohnson_1_69",3
"inaug_LyndonBJohnson_1_70",6
"inaug_LyndonBJohnson_1_71",1
"inaug_LyndonBJohnson_1_72",3
"inaug_LyndonBJohnson_1_73",5
"inaug_LyndonBJohnson_1_74",5
"inaug_LyndonBJohnson_1_75",14
"inaug_LyndonBJohnson_1_76",14
"inaug_LyndonBJohnson_1_77",5
"inaug_LyndonBJohnson_1_78",5
"inaug_LyndonBJohnson_1_79",5
"inaug_LyndonBJohnson_1_80",5
"inaug_LyndonBJohnson_1_81",5
"inaug_LyndonBJohnson_1_82",12
"inaug_LyndonBJohnson_1_83",12
"inaug_LyndonBJohnson_1_84",2
"inaug_LyndonBJohnson_1_85",1
"inaug_LyndonBJohnson_1_86",1
"inaug_LyndonBJohnson_1_87",9
"inaug_LyndonBJohnson_1_88",9
"inaug_LyndonBJohnson_1_89",13
"inaug_LyndonBJohnson_1_90",9
"inaug_LyndonBJohnson_1_91",2
"inaug_LyndonBJohnson_1_92",9
"inaug_LyndonBJohnson_1_93",15
"inaug_LyndonBJohnson_1_94",15
"inaug_LyndonBJohnson_1_95",14
"inaug_LyndonBJohnson_1_96",9
"inaug_RichardNixon_1_2",15
"inaug_RichardNixon_1_3",15
"inaug_RichardNixon_1_4",15
"inaug_RichardNixon_1_5",15
"inaug_RichardNixon_1_6",15
"inaug_RichardNixon_1_7",15
"inaug_RichardNixon_1_8",5
"inaug_RichardNixon_1_9",15
"inaug_RichardNixon_1_10",2
"inaug_RichardNixon_1_11",15
"inaug_RichardNixon_1_12",15
"inaug_RichardNixon_1_13",15
"inaug_RichardNixon_1_14",15
"inaug_RichardNixon_1_15",2
"inaug_RichardNixon_1_16",9
"inaug_RichardNixon_1_17",9
"inaug_RichardNixon_1_18",15
"inaug_RichardNixon_1_19",15
"inaug_RichardNixon_1_20",9
"inaug_RichardNixon_1_21",9
"inaug_RichardNixon_1_22",9
"inaug_RichardNixon_1_23",9
"inaug_RichardNixon_1_24",9
"inaug_RichardNixon_1_25",9
"inaug_RichardNixon_1_26",2
"inaug_RichardNixon_1_27",9
"inaug_RichardNixon_1_28",9
"inaug_RichardNixon_1_29",9
"inaug_RichardNixon_1_30",9
"inaug_RichardNixon_1_31",2
"inaug_RichardNixon_1_32",15
"inaug_RichardNixon_1_33",15
"inaug_RichardNixon_1_34",3
"inaug_RichardNixon_1_35",3
"inaug_RichardNixon_1_36",9
"inaug_RichardNixon_1_37",2
"inaug_RichardNixon_1_38",2
"inaug_RichardNixon_1_39",2
"inaug_RichardNixon_1_40",2
"inaug_RichardNixon_1_41",3
"inaug_RichardNixon_1_42",3
"inaug_RichardNixon_1_43",5
"inaug_RichardNixon_1_44",5
"inaug_RichardNixon_1_45",5
"inaug_RichardNixon_1_46",5
"inaug_RichardNixon_1_47",15
"inaug_RichardNixon_1_48",15
"inaug_RichardNixon_1_49",5
"inaug_RichardNixon_1_50",15
"inaug_RichardNixon_1_51",15
"inaug_RichardNixon_1_52",15
"inaug_RichardNixon_1_53",15
"inaug_RichardNixon_1_54",15
"inaug_RichardNixon_1_55",7
"inaug_RichardNixon_1_56",9
"inaug_RichardNixon_1_57",9
"inaug_RichardNixon_1_58",9
"inaug_RichardNixon_1_59",9
"inaug_RichardNixon_1_60",13
"inaug_RichardNixon_1_61",1
"inaug_RichardNixon_1_62",7
"inaug_RichardNixon_1_63",7
"inaug_RichardNixon_1_64",9
"inaug_RichardNixon_1_65",7
"inaug_RichardNixon_1_66",7
"inaug_RichardNixon_1_67",7
"inaug_RichardNixon_1_68",7
"inaug_RichardNixon_1_69",7
"inaug_RichardNixon_1_70",7
"inaug_RichardNixon_1_71",3
"inaug_RichardNixon_1_72",2
"inaug_RichardNixon_1_73",15
"inaug_RichardNixon_1_74",6
"inaug_RichardNixon_1_75",5
"inaug_RichardNixon_1_76",7
"inaug_RichardNixon_1_77",7
"inaug_RichardNixon_1_78",7
"inaug_RichardNixon_1_79",9
"inaug_RichardNixon_1_80",9
"inaug_RichardNixon_1_81",9
"inaug_RichardNixon_1_82",9
"inaug_RichardNixon_1_83",9
"inaug_RichardNixon_1_84",9
"inaug_RichardNixon_1_85",9
"inaug_RichardNixon_1_86",9
"inaug_RichardNixon_1_87",9
"inaug_RichardNixon_1_88",8
"inaug_RichardNixon_1_89",14
"inaug_RichardNixon_1_90",14
"inaug_RichardNixon_1_91",5
"inaug_RichardNixon_1_92",9
"inaug_RichardNixon_1_93",2
"inaug_RichardNixon_1_94",2
"inaug_RichardNixon_1_95",2
"inaug_RichardNixon_1_96",2
"inaug_RichardNixon_1_97",2
"inaug_RichardNixon_1_98",2
"inaug_RichardNixon_1_99",2
"inaug_RichardNixon_1_100",5
"inaug_RichardNixon_1_101",2
"inaug_RichardNixon_1_102",2
"inaug_RichardNixon_1_103",1
"inaug_RichardNixon_1_104",15
"inaug_RichardNixon_1_105",15
"inaug_RichardNixon_1_106",15
"inaug_RichardNixon_1_107",2
"inaug_RichardNixon_1_108",2
"inaug_RichardNixon_1_109",7
"inaug_RichardNixon_1_110",15
"inaug_RichardNixon_1_111",15
"inaug_RichardNixon_1_112",15
"inaug_RichardNixon_1_113",15
"inaug_RichardNixon_1_114",15
"inaug_RichardNixon_1_115",15
"inaug_RichardNixon_1_116",9
"inaug_RichardNixon_1_117",9
"inaug_RichardNixon_1_118",9
"inaug_RichardNixon_1_119",9
"inaug_RichardNixon_2_2",15
"inaug_RichardNixon_2_3",15
"inaug_RichardNixon_2_4",15
"inaug_RichardNixon_2_5",15
"inaug_RichardNixon_2_6",15
"inaug_RichardNixon_2_7",15
"inaug_RichardNixon_2_8",9
"inaug_RichardNixon_2_9",9
"inaug_RichardNixon_2_10",9
"inaug_RichardNixon_2_11",9
"inaug_RichardNixon_2_12",2
"inaug_RichardNixon_2_13",2
"inaug_RichardNixon_2_14",2
"inaug_RichardNixon_2_15",2
"inaug_RichardNixon_2_16",2
"inaug_RichardNixon_2_17",9
"inaug_RichardNixon_2_18",9
"inaug_RichardNixon_2_19",9
"inaug_RichardNixon_2_20",7
"inaug_RichardNixon_2_21",7
"inaug_RichardNixon_2_22",2
"inaug_RichardNixon_2_23",6
"inaug_RichardNixon_2_24",6
"inaug_RichardNixon_2_25",6
"inaug_RichardNixon_2_26",6
"inaug_RichardNixon_2_27",9
"inaug_RichardNixon_2_28",2
"inaug_RichardNixon_2_29",2
"inaug_RichardNixon_2_30",6
"inaug_RichardNixon_2_31",9
"inaug_RichardNixon_2_32",9
"inaug_RichardNixon_2_33",9
"inaug_RichardNixon_2_34",9
"inaug_RichardNixon_2_35",9
"inaug_RichardNixon_2_36",9
"inaug_RichardNixon_2_37",6
"inaug_RichardNixon_2_38",6
"inaug_RichardNixon_2_39",6
"inaug_RichardNixon_2_40",6
"inaug_RichardNixon_2_41",6
"inaug_RichardNixon_2_42",9
"inaug_RichardNixon_2_43",9
"inaug_RichardNixon_2_44",5
"inaug_RichardNixon_2_45",5
"inaug_RichardNixon_2_46",5
"inaug_RichardNixon_2_47",7
"inaug_RichardNixon_2_48",7
"inaug_RichardNixon_2_49",7
"inaug_RichardNixon_2_50",7
"inaug_RichardNixon_2_51",2
"inaug_RichardNixon_2_52",5
"inaug_RichardNixon_2_53",7
"inaug_RichardNixon_2_54",7
"inaug_RichardNixon_2_55",7
"inaug_RichardNixon_2_56",6
"inaug_RichardNixon_2_57",9
"inaug_RichardNixon_2_58",9
"inaug_RichardNixon_2_59",9
"inaug_RichardNixon_2_60",9
"inaug_RichardNixon_2_61",9
"inaug_RichardNixon_2_62",6
"inaug_RichardNixon_2_63",6
"inaug_RichardNixon_2_64",2
"inaug_RichardNixon_2_65",6
"inaug_RichardNixon_2_66",2
"inaug_RichardNixon_2_67",2
"inaug_RichardNixon_2_68",9
"inaug_RichardNixon_2_69",9
"inaug_RichardNixon_2_70",9
"inaug_RichardNixon_2_71",9
"inaug_RichardNixon_2_72",15
"inaug_RichardNixon_2_73",15
"inaug_RichardNixon_2_74",15
"inaug_RichardNixon_2_75",15
"inaug_RichardNixon_2_76",9
"inaug_RonaldReagan_1_2",15
"inaug_RonaldReagan_1_3",15
"inaug_RonaldReagan_1_4",15
"inaug_RonaldReagan_1_5",15
"inaug_RonaldReagan_1_6",3
"inaug_RonaldReagan_1_7",8
"inaug_RonaldReagan_1_8",3
"inaug_RonaldReagan_1_9",8
"inaug_RonaldReagan_1_10",9
"inaug_RonaldReagan_1_11",5
"inaug_RonaldReagan_1_12",5
"inaug_RonaldReagan_1_13",1
"inaug_RonaldReagan_1_14",1
"inaug_RonaldReagan_1_15",1
"inaug_RonaldReagan_1_16",1
"inaug_RonaldReagan_1_17",1
"inaug_RonaldReagan_1_18",1
"inaug_RonaldReagan_1_19",1
"inaug_RonaldReagan_1_20",6
"inaug_RonaldReagan_1_21",15
"inaug_RonaldReagan_1_22",15
"inaug_RonaldReagan_1_23",9
"inaug_RonaldReagan_1_24",9
"inaug_RonaldReagan_1_25",9
"inaug_RonaldReagan_1_26",9
"inaug_RonaldReagan_1_27",5
"inaug_RonaldReagan_1_28",5
"inaug_RonaldReagan_1_29",5
"inaug_RonaldReagan_1_30",5
"inaug_RonaldReagan_1_31",7
"inaug_RonaldReagan_1_32",5
"inaug_RonaldReagan_1_33",2
"inaug_RonaldReagan_1_34",1
"inaug_RonaldReagan_1_35",1
"inaug_RonaldReagan_1_36",1
"inaug_RonaldReagan_1_37",1
"inaug_RonaldReagan_1_38",1
"inaug_RonaldReagan_1_39",1
"inaug_RonaldReagan_1_40",1
"inaug_RonaldReagan_1_41",2
"inaug_RonaldReagan_1_42",2
"inaug_RonaldReagan_1_43",5
"inaug_RonaldReagan_1_44",7
"inaug_RonaldReagan_1_45",4
"inaug_RonaldReagan_1_46",4
"inaug_RonaldReagan_1_47",4
"inaug_RonaldReagan_1_48",4
"inaug_RonaldReagan_1_49",4
"inaug_RonaldReagan_1_50",4
"inaug_RonaldReagan_1_51",7
"inaug_RonaldReagan_1_52",7
"inaug_RonaldReagan_1_53",9
"inaug_RonaldReagan_1_54",1
"inaug_RonaldReagan_1_55",1
"inaug_RonaldReagan_1_56",15
"inaug_RonaldReagan_1_57",2
"inaug_RonaldReagan_1_58",10
"inaug_RonaldReagan_1_59",5
"inaug_RonaldReagan_1_60",5
"inaug_RonaldReagan_1_61",5
"inaug_RonaldReagan_1_62",5
"inaug_RonaldReagan_1_63",9
"inaug_RonaldReagan_1_64",9
"inaug_RonaldReagan_1_65",1
"inaug_RonaldReagan_1_66",14
"inaug_RonaldReagan_1_67",15
"inaug_RonaldReagan_1_68",1
"inaug_RonaldReagan_1_69",5
"inaug_RonaldReagan_1_70",5
"inaug_RonaldReagan_1_71",5
"inaug_RonaldReagan_1_72",5
"inaug_RonaldReagan_1_73",1
"inaug_RonaldReagan_1_74",1
"inaug_RonaldReagan_1_75",5
"inaug_RonaldReagan_1_76",15
"inaug_RonaldReagan_1_77",15
"inaug_RonaldReagan_1_78",9
"inaug_RonaldReagan_1_79",1
"inaug_RonaldReagan_1_80",1
"inaug_RonaldReagan_1_81",13
"inaug_RonaldReagan_1_82",5
"inaug_RonaldReagan_1_83",14
"inaug_RonaldReagan_1_84",14
"inaug_RonaldReagan_1_85",14
"inaug_RonaldReagan_1_86",14
"inaug_RonaldReagan_1_87",14
"inaug_RonaldReagan_1_88",5
"inaug_RonaldReagan_1_89",15
"inaug_RonaldReagan_1_90",5
"inaug_RonaldReagan_1_92",4
"inaug_RonaldReagan_1_93",8
"inaug_RonaldReagan_1_94",1
"inaug_RonaldReagan_1_95",1
"inaug_RonaldReagan_1_96",2
"inaug_RonaldReagan_1_97",2
"inaug_RonaldReagan_1_98",2
"inaug_RonaldReagan_1_99",2
"inaug_RonaldReagan_1_100",8
"inaug_RonaldReagan_1_101",8
"inaug_RonaldReagan_1_102",8
"inaug_RonaldReagan_1_103",14
"inaug_RonaldReagan_1_104",7
"inaug_RonaldReagan_1_105",14
"inaug_RonaldReagan_1_106",14
"inaug_RonaldReagan_1_107",14
"inaug_RonaldReagan_1_108",14
"inaug_RonaldReagan_1_109",2
"inaug_RonaldReagan_1_110",2
"inaug_RonaldReagan_1_111",14
"inaug_RonaldReagan_1_112",5
"inaug_RonaldReagan_1_113",15
"inaug_RonaldReagan_1_114",15
"inaug_RonaldReagan_1_115",15
"inaug_RonaldReagan_1_116",15
"inaug_RonaldReagan_1_117",15
"inaug_RonaldReagan_1_118",5
"inaug_RonaldReagan_1_119",5
"inaug_RonaldReagan_1_120",5
"inaug_RonaldReagan_1_121",5
"inaug_RonaldReagan_1_122",5
"inaug_RonaldReagan_1_123",5
"inaug_RonaldReagan_1_124",5
"inaug_RonaldReagan_1_125",5
"inaug_RonaldReagan_1_126",5
"inaug_RonaldReagan_1_127",5
"inaug_RonaldReagan_1_128",5
"inaug_RonaldReagan_1_129",5
"inaug_RonaldReagan_1_130",5
"inaug_RonaldReagan_1_131",5
"inaug_RonaldReagan_1_132",1
"inaug_RonaldReagan_1_133",1
"inaug_RonaldReagan_1_134",14
"inaug_RonaldReagan_1_135",14
"inaug_RonaldReagan_1_136",5
"inaug_RonaldReagan_1_137",5
"inaug_RonaldReagan_1_138",5
"inaug_RonaldReagan_2_2",15
"inaug_RonaldReagan_2_3",9
"inaug_RonaldReagan_2_4",15
"inaug_RonaldReagan_2_5",1
"inaug_RonaldReagan_2_6",15
"inaug_RonaldReagan_2_7",14
"inaug_RonaldReagan_2_8",15
"inaug_RonaldReagan_2_9",15
"inaug_RonaldReagan_2_10",15
"inaug_RonaldReagan_2_11",15
"inaug_RonaldReagan_2_12",15
"inaug_RonaldReagan_2_13",15
"inaug_RonaldReagan_2_14",15
"inaug_RonaldReagan_2_15",15
"inaug_RonaldReagan_2_16",15
"inaug_RonaldReagan_2_17",9
"inaug_RonaldReagan_2_18",15
"inaug_RonaldReagan_2_19",15
"inaug_RonaldReagan_2_20",15
"inaug_RonaldReagan_2_21",15
"inaug_RonaldReagan_2_22",4
"inaug_RonaldReagan_2_23",4
"inaug_RonaldReagan_2_24",11
"inaug_RonaldReagan_2_25",1
"inaug_RonaldReagan_2_26",1
"inaug_RonaldReagan_2_27",2
"inaug_RonaldReagan_2_28",1
"inaug_RonaldReagan_2_29",4
"inaug_RonaldReagan_2_30",3
"inaug_RonaldReagan_2_31",9
"inaug_RonaldReagan_2_32",9
"inaug_RonaldReagan_2_33",9
"inaug_RonaldReagan_2_34",9
"inaug_RonaldReagan_2_35",9
"inaug_RonaldReagan_2_36",1
"inaug_RonaldReagan_2_37",2
"inaug_RonaldReagan_2_38",1
"inaug_RonaldReagan_2_39",2
"inaug_RonaldReagan_2_40",9
"inaug_RonaldReagan_2_41",9
"inaug_RonaldReagan_2_42",5
"inaug_RonaldReagan_2_43",5
"inaug_RonaldReagan_2_44",15
"inaug_RonaldReagan_2_45",4
"inaug_RonaldReagan_2_46",4
"inaug_RonaldReagan_2_47",5
"inaug_RonaldReagan_2_48",5
"inaug_RonaldReagan_2_49",5
"inaug_RonaldReagan_2_50",5
"inaug_RonaldReagan_2_51",1
"inaug_RonaldReagan_2_52",7
"inaug_RonaldReagan_2_53",7
"inaug_RonaldReagan_2_54",5
"inaug_RonaldReagan_2_55",1
"inaug_RonaldReagan_2_56",5
"inaug_RonaldReagan_2_57",7
"inaug_RonaldReagan_2_58",1
"inaug_RonaldReagan_2_59",7
"inaug_RonaldReagan_2_60",9
"inaug_RonaldReagan_2_61",9
"inaug_RonaldReagan_2_62",9
"inaug_RonaldReagan_2_63",1
"inaug_RonaldReagan_2_64",1
"inaug_RonaldReagan_2_65",1
"inaug_RonaldReagan_2_66",11
"inaug_RonaldReagan_2_67",11
"inaug_RonaldReagan_2_68",11
"inaug_RonaldReagan_2_69",7
"inaug_RonaldReagan_2_70",7
"inaug_RonaldReagan_2_71",7
"inaug_RonaldReagan_2_72",7
"inaug_RonaldReagan_2_73",4
"inaug_RonaldReagan_2_74",4
"inaug_RonaldReagan_2_75",4
"inaug_RonaldReagan_2_76",4
"inaug_RonaldReagan_2_77",9
"inaug_RonaldReagan_2_78",9
"inaug_RonaldReagan_2_79",9
"inaug_RonaldReagan_2_80",9
"inaug_RonaldReagan_2_81",9
"inaug_RonaldReagan_2_82",9
"inaug_RonaldReagan_2_83",9
"inaug_RonaldReagan_2_84",9
"inaug_RonaldReagan_2_85",9
"inaug_RonaldReagan_2_86",14
"inaug_RonaldReagan_2_87",15
"inaug_RonaldReagan_2_88",15
"inaug_RonaldReagan_2_89",2
"inaug_RonaldReagan_2_90",2
"inaug_RonaldReagan_2_91",9
"inaug_RonaldReagan_2_92",5
"inaug_RonaldReagan_2_93",2
"inaug_RonaldReagan_2_94",7
"inaug_RonaldReagan_2_95",2
"inaug_RonaldReagan_2_96",5
"inaug_RonaldReagan_2_97",5
"inaug_RonaldReagan_2_98",5
"inaug_RonaldReagan_2_99",5
"inaug_RonaldReagan_2_100",5
"inaug_RonaldReagan_2_101",5
"inaug_RonaldReagan_2_102",5
"inaug_RonaldReagan_2_103",5
"inaug_RonaldReagan_2_104",5
"inaug_RonaldReagan_2_105",5
"inaug_RonaldReagan_2_106",5
"inaug_RonaldReagan_2_107",5
"inaug_RonaldReagan_2_108",5
"inaug_RonaldReagan_2_109",5
"inaug_RonaldReagan_2_110",2
"inaug_RonaldReagan_2_111",2
"inaug_RonaldReagan_2_112",2
"inaug_RonaldReagan_2_113",2
"inaug_RonaldReagan_2_114",2
"inaug_RonaldReagan_2_115",2
"inaug_RonaldReagan_2_116",2
"inaug_RonaldReagan_2_117",2
"inaug_RonaldReagan_2_118",9
"inaug_RonaldReagan_2_119",9
"inaug_RonaldReagan_2_120",1
"inaug_RonaldReagan_2_121",1
"inaug_RonaldReagan_2_122",10
"inaug_RonaldReagan_2_123",15
"inaug_RonaldReagan_2_124",15
"inaug_RonaldReagan_2_125",15
"inaug_RonaldReagan_2_126",15
"inaug_RonaldReagan_2_127",15
"inaug_RonaldReagan_2_128",1
"inaug_RonaldReagan_2_129",1
"inaug_RonaldReagan_2_130",1
"inaug_RonaldReagan_2_131",9
"inaug_RonaldReagan_2_132",1
"inaug_RonaldReagan_2_133",9
"inaug_RonaldReagan_2_134",9
"inaug_RonaldReagan_2_135",15
"inaug_RonaldReagan_2_136",10
